Nis 30 12:57:09 MSI-MCC-L plasmashell[2344]: The theme "lightly-plasma-v4" uses the legacy metadata.desktop. Consider contacting the author and asking them update it to use the newer JSON format.
Nis 30 12:57:09 MSI-MCC-L plasmashell[2344]: The theme "lightly-plasma-v4" uses the legacy metadata.desktop. Consider contacting the author and asking them update it to use the newer JSON format.
Nis 30 12:57:09 MSI-MCC-L plasmashell[2344]: The theme "lightly-plasma-v4" uses the legacy metadata.desktop. Consider contacting the author and asking them update it to use the newer JSON format.
Nis 30 12:57:09 MSI-MCC-L kwin_x11[2230]: The theme "lightly-plasma-v4" uses the legacy metadata.desktop. Consider contacting the author and asking them update it to use the newer JSON format.
Nis 30 12:57:09 MSI-MCC-L kwin_x11[2230]: The theme "lightly-plasma-v4" uses the legacy metadata.desktop. Consider contacting the author and asking them update it to use the newer JSON format.
Nis 30 12:57:09 MSI-MCC-L kwin_x11[2230]: The theme "lightly-plasma-v4" uses the legacy metadata.desktop. Consider contacting the author and asking them update it to use the newer JSON format.
Nis 30 12:57:09 MSI-MCC-L plasmashell[2344]: Could not find required file "mainscript" for package "/usr/share/plasma/plasmoids/org.kde.plasma.icontasks/" should be QList("ui/main.qml")
Nis 30 12:57:10 MSI-MCC-L kwin_x11[2230]: Could not delete framebuffer because no context is current
Nis 30 12:57:10 MSI-MCC-L plasmashell[2344]: Member visible of the object PlasmaQuick::Dialog overrides a member of the base object. Consider renaming it or adding final or override specifier
Nis 30 12:57:10 MSI-MCC-L plasmashell[2344]: The theme "lightly-plasma-v4" uses the legacy metadata.desktop. Consider contacting the author and asking them update it to use the newer JSON format.
Nis 30 12:57:10 MSI-MCC-L plasmashell[2344]: Member enabled of the object DeclarativeDropArea overrides a member of the base object. Consider renaming it or adding final or override specifier
Nis 30 12:57:10 MSI-MCC-L plasmashell[2344]: Member enabled of the object NotificationManager_QMLTYPE_190 overrides a member of the base object. Consider renaming it or adding final or override specifier
Nis 30 12:57:12 MSI-MCC-L systemd[1744]: Starting Cachy-Update Systray Applet...
Nis 30 12:57:12 MSI-MCC-L systemd[1744]: Starting Firewall Applet...
Nis 30 12:57:12 MSI-MCC-L systemd[1744]: Starting Print Queue Applet...
Nis 30 12:57:12 MSI-MCC-L systemd[1744]: Started Launch the Arch-Update systray applet.
Nis 30 12:57:12 MSI-MCC-L systemd[1744]: Started Cachy-Update Systray Applet.
Nis 30 12:57:12 MSI-MCC-L systemd[1744]: Started Firewall Applet.
Nis 30 12:57:12 MSI-MCC-L systemd[1744]: app-print\x2dapplet@autostart.service: Skipped due to 'exec-condition'.
Nis 30 12:57:12 MSI-MCC-L systemd[1744]: Condition check resulted in Print Queue Applet being skipped.
Nis 30 12:57:12 MSI-MCC-L arch-update[2917]: ==> ERROR: There's already a running instance of the Arch-Update systray applet
Nis 30 12:57:12 MSI-MCC-L systemd[1744]: Started /usr/bin/firewall-applet.
Nis 30 12:57:12 MSI-MCC-L systemd[1744]: Started Launch the Arch-Update systray applet.
Nis 30 12:57:12 MSI-MCC-L arch-update[3053]: ==> ERROR: There's already a running instance of the Arch-Update systray applet
Nis 30 12:57:13 MSI-MCC-L systemd[1744]: Started Launch the Arch-Update systray applet.
Nis 30 12:57:13 MSI-MCC-L firewall-applet[3032]: Usage: /usr/bin/firewall-applet [options]
Nis 30 12:57:13 MSI-MCC-L firewall-applet[3032]: Options:
Nis 30 12:57:13 MSI-MCC-L firewall-applet[3032]:   -h, --help     show this help message and exit
Nis 30 12:57:13 MSI-MCC-L arch-update[3199]: ==> ERROR: There's already a running instance of the Arch-Update systray applet
Nis 30 12:57:13 MSI-MCC-L systemd[1744]: app-\x2fusr\x2fbin\x2ffirewall\x2dapplet@16ea226c416644f585d05b8dd0fc3d01.service: Main process exited, code=exited, status=1/FAILURE
Nis 30 12:57:13 MSI-MCC-L systemd[1744]: app-\x2fusr\x2fbin\x2ffirewall\x2dapplet@16ea226c416644f585d05b8dd0fc3d01.service: Failed with result 'exit-code'.
Nis 30 12:57:13 MSI-MCC-L systemd[1744]: Started Launch the Arch-Update systray applet.
Nis 30 12:57:13 MSI-MCC-L kwin_x11[2230]: Failed to register with host portal QDBusError("org.freedesktop.portal.Error.Failed", "Could not register app ID: App info not found for 'org.kde.kwin'")
Nis 30 12:57:13 MSI-MCC-L kwin_x11[2230]: Failed to register with host portal QDBusError("org.freedesktop.portal.Error.Failed", "Could not register app ID: App info not found for 'org.kde.kwin'")
Nis 30 12:57:13 MSI-MCC-L arch-update[3269]: ==> ERROR: There's already a running instance of the Arch-Update systray applet
Nis 30 12:57:13 MSI-MCC-L systemd[1744]: Started Launch the Arch-Update systray applet.
Nis 30 12:57:13 MSI-MCC-L arch-update[3332]: ==> ERROR: There's already a running instance of the Arch-Update systray applet
Nis 30 12:57:13 MSI-MCC-L systemd[1744]: Failed to start Launch the Arch-Update systray applet.
Nis 30 12:57:14 MSI-MCC-L plasmashell[2344]: BootDataManager: Component completed. Cache size: 950
Nis 30 12:57:14 MSI-MCC-L plasmashell[2344]: BootDataManager: Loading from cache (limine)
Nis 30 12:57:14 MSI-MCC-L plasmashell[2344]: FileSearch: LogicController initialized
Nis 30 12:57:14 MSI-MCC-L flatpak[3198]: QWidget::render: Cannot render with an inactive painter
Nis 30 12:57:15 MSI-MCC-L plasmashell[2344]: file:///home/mcc45tr/.local/share/plasma/plasmoids/com.mcc45tr.musicplayer/contents/ui/modes/PanelMode.qml:282:25: QML Binding: Binding loop detected for property "value":
                                             file:///home/mcc45tr/.local/share/plasma/plasmoids/com.mcc45tr.musicplayer/contents/ui/modes/PanelMode.qml:285:29
Nis 30 12:57:15 MSI-MCC-L plasmashell[2344]: Failed to register with host portal QDBusError("org.freedesktop.portal.Error.Failed", "Could not register app ID: Connection already associated with an application ID")
Nis 30 12:57:16 MSI-MCC-L plasmashell[2344]: BootDataManager: New Data from sh "/home/mcc45tr/.local/share/plasma/plasmoids/com.mcc45tr.mselectivereboot/contents/tools/find_windows_mount.sh"
Nis 30 12:57:16 MSI-MCC-L plasmashell[2344]: BootDataManager: Data keys: exit code, exit status, stderr, stdout
Nis 30 12:57:16 MSI-MCC-L plasmashell[2344]: BootDataManager: Received Windows Version
Nis 30 12:57:16 MSI-MCC-L plasmashell[2344]: LogicController: Failed to parse cache for https://teknoseyir.com/feed
Nis 30 12:57:16 MSI-MCC-L plasmashell[2344]: LogicController: Failed to parse cache for https://www.sozcu.com.tr/feeds-haberler
Nis 30 12:57:16 MSI-MCC-L plasmashell[2344]: LogicController: Failed to parse cache for https://www.cnnturk.com/feed/rss/all/news
Nis 30 12:57:16 MSI-MCC-L plasmashell[2344]: LogicController: Failed to parse cache for https://beyazgazete.com/rss/guncel.xml
Nis 30 12:57:16 MSI-MCC-L plasmashell[2344]: LogicController: Failed to parse cache for https://www.ntv.com.tr/son-dakika.rss
Nis 30 12:57:16 MSI-MCC-L plasmashell[2344]: LogicController: Failed to parse cache for https://www.hurriyet.com.tr/rss/anasayfa
Nis 30 12:57:19 MSI-MCC-L plasmashell[2344]: Connecting to deprecated signal QDBusConnectionInterface::serviceOwnerChanged(QString,QString,QString)
Nis 30 12:57:32 MSI-MCC-L plasmashell[2344]: LogicController: Failed to parse cache for https://teknoseyir.com/feed
Nis 30 12:57:32 MSI-MCC-L plasmashell[2344]: LogicController: Failed to parse cache for https://www.sozcu.com.tr/feeds-haberler
Nis 30 12:57:32 MSI-MCC-L plasmashell[2344]: LogicController: Failed to parse cache for https://www.cnnturk.com/feed/rss/all/news
Nis 30 12:57:32 MSI-MCC-L plasmashell[2344]: LogicController: Failed to parse cache for https://beyazgazete.com/rss/guncel.xml
Nis 30 12:57:32 MSI-MCC-L plasmashell[2344]: LogicController: Failed to parse cache for https://www.ntv.com.tr/son-dakika.rss
Nis 30 12:57:32 MSI-MCC-L plasmashell[2344]: LogicController: Failed to parse cache for https://www.hurriyet.com.tr/rss/anasayfa
Nis 30 12:58:31 MSI-MCC-L plasmashell[2344]: LogicController: Failed to parse cache for https://teknoseyir.com/feed
Nis 30 12:58:32 MSI-MCC-L plasmashell[2344]: LogicController: Failed to parse cache for https://www.sozcu.com.tr/feeds-haberler
Nis 30 12:58:32 MSI-MCC-L plasmashell[2344]: LogicController: Failed to parse cache for https://www.cnnturk.com/feed/rss/all/news
Nis 30 12:58:32 MSI-MCC-L plasmashell[2344]: LogicController: Failed to parse cache for https://beyazgazete.com/rss/guncel.xml
Nis 30 12:58:32 MSI-MCC-L plasmashell[2344]: LogicController: Failed to parse cache for https://www.ntv.com.tr/son-dakika.rss
Nis 30 12:58:32 MSI-MCC-L plasmashell[2344]: LogicController: Failed to parse cache for https://www.hurriyet.com.tr/rss/anasayfa
Nis 30 12:59:32 MSI-MCC-L plasmashell[2344]: LogicController: Failed to parse cache for https://teknoseyir.com/feed
Nis 30 12:59:32 MSI-MCC-L plasmashell[2344]: LogicController: Failed to parse cache for https://www.sozcu.com.tr/feeds-haberler
Nis 30 12:59:32 MSI-MCC-L plasmashell[2344]: LogicController: Failed to parse cache for https://www.cnnturk.com/feed/rss/all/news
Nis 30 12:59:32 MSI-MCC-L plasmashell[2344]: LogicController: Failed to parse cache for https://beyazgazete.com/rss/guncel.xml
Nis 30 12:59:32 MSI-MCC-L plasmashell[2344]: LogicController: Failed to parse cache for https://www.ntv.com.tr/son-dakika.rss
Nis 30 12:59:32 MSI-MCC-L plasmashell[2344]: LogicController: Failed to parse cache for https://www.hurriyet.com.tr/rss/anasayfa
Nis 30 13:00:12 MSI-MCC-L plasmashell[2344]: Detected location from IP: Salihli
Nis 30 13:00:12 MSI-MCC-L plasmashell[2344]: Fetching weather using provider: openmeteo, days: 12
Nis 30 13:00:32 MSI-MCC-L plasmashell[2344]: LogicController: Failed to parse cache for https://teknoseyir.com/feed
Nis 30 13:00:32 MSI-MCC-L plasmashell[2344]: LogicController: Failed to parse cache for https://www.sozcu.com.tr/feeds-haberler
Nis 30 13:00:32 MSI-MCC-L plasmashell[2344]: LogicController: Failed to parse cache for https://www.cnnturk.com/feed/rss/all/news
Nis 30 13:00:32 MSI-MCC-L plasmashell[2344]: LogicController: Failed to parse cache for https://beyazgazete.com/rss/guncel.xml
Nis 30 13:00:32 MSI-MCC-L plasmashell[2344]: LogicController: Failed to parse cache for https://www.ntv.com.tr/son-dakika.rss
Nis 30 13:00:32 MSI-MCC-L plasmashell[2344]: LogicController: Failed to parse cache for https://www.hurriyet.com.tr/rss/anasayfa
Nis 30 13:01:32 MSI-MCC-L plasmashell[2344]: LogicController: Failed to parse cache for https://teknoseyir.com/feed
Nis 30 13:01:32 MSI-MCC-L plasmashell[2344]: LogicController: Failed to parse cache for https://www.sozcu.com.tr/feeds-haberler
Nis 30 13:01:32 MSI-MCC-L plasmashell[2344]: LogicController: Failed to parse cache for https://www.cnnturk.com/feed/rss/all/news
Nis 30 13:01:32 MSI-MCC-L plasmashell[2344]: LogicController: Failed to parse cache for https://beyazgazete.com/rss/guncel.xml
Nis 30 13:01:32 MSI-MCC-L plasmashell[2344]: LogicController: Failed to parse cache for https://www.ntv.com.tr/son-dakika.rss
Nis 30 13:01:32 MSI-MCC-L plasmashell[2344]: LogicController: Failed to parse cache for https://www.hurriyet.com.tr/rss/anasayfa
Nis 30 13:02:14 MSI-MCC-L kscreenlocker_greet[4488]: Member contentWidth of the object PopupList_QMLTYPE_130 overrides a member of the base object. Consider renaming it or adding final or override specifier
Nis 30 13:02:33 MSI-MCC-L plasmashell[2344]: LogicController: Failed to parse cache for https://teknoseyir.com/feed
Nis 30 13:02:33 MSI-MCC-L plasmashell[2344]: LogicController: Failed to parse cache for https://www.sozcu.com.tr/feeds-haberler
Nis 30 13:02:33 MSI-MCC-L plasmashell[2344]: LogicController: Failed to parse cache for https://www.cnnturk.com/feed/rss/all/news
Nis 30 13:02:33 MSI-MCC-L plasmashell[2344]: LogicController: Failed to parse cache for https://beyazgazete.com/rss/guncel.xml
Nis 30 13:02:33 MSI-MCC-L plasmashell[2344]: LogicController: Failed to parse cache for https://www.ntv.com.tr/son-dakika.rss
Nis 30 13:02:33 MSI-MCC-L plasmashell[2344]: LogicController: Failed to parse cache for https://www.hurriyet.com.tr/rss/anasayfa
Nis 30 13:02:36 MSI-MCC-L plasmashell[2344]: Invalid path data; path truncated.
Nis 30 13:03:33 MSI-MCC-L plasmashell[2344]: LogicController: Failed to parse cache for https://teknoseyir.com/feed
Nis 30 13:03:34 MSI-MCC-L plasmashell[2344]: LogicController: Failed to parse cache for https://www.sozcu.com.tr/feeds-haberler
Nis 30 13:03:34 MSI-MCC-L plasmashell[2344]: LogicController: Failed to parse cache for https://www.cnnturk.com/feed/rss/all/news
Nis 30 13:03:34 MSI-MCC-L plasmashell[2344]: LogicController: Failed to parse cache for https://beyazgazete.com/rss/guncel.xml
Nis 30 13:03:34 MSI-MCC-L plasmashell[2344]: LogicController: Failed to parse cache for https://www.ntv.com.tr/son-dakika.rss
Nis 30 13:03:34 MSI-MCC-L plasmashell[2344]: LogicController: Failed to parse cache for https://www.hurriyet.com.tr/rss/anasayfa
Nis 30 13:04:34 MSI-MCC-L plasmashell[2344]: LogicController: Failed to parse cache for https://teknoseyir.com/feed
Nis 30 13:04:34 MSI-MCC-L plasmashell[2344]: LogicController: Failed to parse cache for https://www.sozcu.com.tr/feeds-haberler
Nis 30 13:04:34 MSI-MCC-L plasmashell[2344]: LogicController: Failed to parse cache for https://www.cnnturk.com/feed/rss/all/news
Nis 30 13:04:34 MSI-MCC-L plasmashell[2344]: LogicController: Failed to parse cache for https://beyazgazete.com/rss/guncel.xml
Nis 30 13:04:34 MSI-MCC-L plasmashell[2344]: LogicController: Failed to parse cache for https://www.ntv.com.tr/son-dakika.rss
Nis 30 13:04:34 MSI-MCC-L plasmashell[2344]: LogicController: Failed to parse cache for https://www.hurriyet.com.tr/rss/anasayfa
Nis 30 13:05:33 MSI-MCC-L plasmashell[2344]: LogicController: Failed to parse cache for https://teknoseyir.com/feed
Nis 30 13:05:33 MSI-MCC-L plasmashell[2344]: LogicController: Failed to parse cache for https://www.sozcu.com.tr/feeds-haberler
Nis 30 13:05:33 MSI-MCC-L plasmashell[2344]: LogicController: Failed to parse cache for https://www.cnnturk.com/feed/rss/all/news
Nis 30 13:05:33 MSI-MCC-L plasmashell[2344]: LogicController: Failed to parse cache for https://beyazgazete.com/rss/guncel.xml
Nis 30 13:05:33 MSI-MCC-L plasmashell[2344]: LogicController: Failed to parse cache for https://www.ntv.com.tr/son-dakika.rss
Nis 30 13:05:33 MSI-MCC-L plasmashell[2344]: LogicController: Failed to parse cache for https://www.hurriyet.com.tr/rss/anasayfa
Nis 30 13:06:31 MSI-MCC-L plasmashell[2344]: LogicController: Failed to parse cache for https://teknoseyir.com/feed
Nis 30 13:06:31 MSI-MCC-L plasmashell[2344]: LogicController: Failed to parse cache for https://www.sozcu.com.tr/feeds-haberler
Nis 30 13:06:31 MSI-MCC-L plasmashell[2344]: LogicController: Failed to parse cache for https://www.cnnturk.com/feed/rss/all/news
Nis 30 13:06:31 MSI-MCC-L plasmashell[2344]: LogicController: Failed to parse cache for https://beyazgazete.com/rss/guncel.xml
Nis 30 13:06:31 MSI-MCC-L plasmashell[2344]: LogicController: Failed to parse cache for https://www.ntv.com.tr/son-dakika.rss
Nis 30 13:06:31 MSI-MCC-L plasmashell[2344]: LogicController: Failed to parse cache for https://www.hurriyet.com.tr/rss/anasayfa
Nis 30 13:07:31 MSI-MCC-L plasmashell[2344]: LogicController: Failed to parse cache for https://teknoseyir.com/feed
Nis 30 13:07:31 MSI-MCC-L plasmashell[2344]: LogicController: Failed to parse cache for https://www.sozcu.com.tr/feeds-haberler
Nis 30 13:07:31 MSI-MCC-L plasmashell[2344]: LogicController: Failed to parse cache for https://www.cnnturk.com/feed/rss/all/news
Nis 30 13:07:31 MSI-MCC-L plasmashell[2344]: LogicController: Failed to parse cache for https://beyazgazete.com/rss/guncel.xml
Nis 30 13:07:31 MSI-MCC-L plasmashell[2344]: LogicController: Failed to parse cache for https://www.ntv.com.tr/son-dakika.rss
Nis 30 13:07:31 MSI-MCC-L plasmashell[2344]: LogicController: Failed to parse cache for https://www.hurriyet.com.tr/rss/anasayfa
Nis 30 13:08:31 MSI-MCC-L plasmashell[2344]: LogicController: Failed to parse cache for https://teknoseyir.com/feed
Nis 30 13:08:31 MSI-MCC-L plasmashell[2344]: LogicController: Failed to parse cache for https://www.sozcu.com.tr/feeds-haberler
Nis 30 13:08:31 MSI-MCC-L plasmashell[2344]: LogicController: Failed to parse cache for https://www.cnnturk.com/feed/rss/all/news
Nis 30 13:08:31 MSI-MCC-L plasmashell[2344]: LogicController: Failed to parse cache for https://beyazgazete.com/rss/guncel.xml
Nis 30 13:08:31 MSI-MCC-L plasmashell[2344]: LogicController: Failed to parse cache for https://www.ntv.com.tr/son-dakika.rss
Nis 30 13:08:31 MSI-MCC-L plasmashell[2344]: LogicController: Failed to parse cache for https://www.hurriyet.com.tr/rss/anasayfa
Nis 30 13:09:31 MSI-MCC-L plasmashell[2344]: LogicController: Failed to parse cache for https://teknoseyir.com/feed
Nis 30 13:09:31 MSI-MCC-L plasmashell[2344]: LogicController: Failed to parse cache for https://www.sozcu.com.tr/feeds-haberler
Nis 30 13:09:31 MSI-MCC-L plasmashell[2344]: LogicController: Failed to parse cache for https://www.cnnturk.com/feed/rss/all/news
Nis 30 13:09:31 MSI-MCC-L plasmashell[2344]: LogicController: Failed to parse cache for https://beyazgazete.com/rss/guncel.xml
Nis 30 13:09:31 MSI-MCC-L plasmashell[2344]: LogicController: Failed to parse cache for https://www.ntv.com.tr/son-dakika.rss
Nis 30 13:09:31 MSI-MCC-L plasmashell[2344]: LogicController: Failed to parse cache for https://www.hurriyet.com.tr/rss/anasayfa
Nis 30 13:10:31 MSI-MCC-L plasmashell[2344]: LogicController: Failed to parse cache for https://teknoseyir.com/feed
Nis 30 13:10:31 MSI-MCC-L plasmashell[2344]: LogicController: Failed to parse cache for https://www.sozcu.com.tr/feeds-haberler
Nis 30 13:10:31 MSI-MCC-L plasmashell[2344]: LogicController: Failed to parse cache for https://www.cnnturk.com/feed/rss/all/news
Nis 30 13:10:31 MSI-MCC-L plasmashell[2344]: LogicController: Failed to parse cache for https://beyazgazete.com/rss/guncel.xml
Nis 30 13:10:31 MSI-MCC-L plasmashell[2344]: LogicController: Failed to parse cache for https://www.ntv.com.tr/son-dakika.rss
Nis 30 13:10:31 MSI-MCC-L plasmashell[2344]: LogicController: Failed to parse cache for https://www.hurriyet.com.tr/rss/anasayfa
Nis 30 13:10:56 MSI-MCC-L kscreenlocker_greet[8134]: Member contentWidth of the object PopupList_QMLTYPE_135 overrides a member of the base object. Consider renaming it or adding final or override specifier
Nis 30 13:11:31 MSI-MCC-L plasmashell[2344]: LogicController: Failed to parse cache for https://teknoseyir.com/feed
Nis 30 13:11:31 MSI-MCC-L plasmashell[2344]: LogicController: Failed to parse cache for https://www.sozcu.com.tr/feeds-haberler
Nis 30 13:11:31 MSI-MCC-L plasmashell[2344]: LogicController: Failed to parse cache for https://www.cnnturk.com/feed/rss/all/news
Nis 30 13:11:31 MSI-MCC-L plasmashell[2344]: LogicController: Failed to parse cache for https://beyazgazete.com/rss/guncel.xml
Nis 30 13:11:31 MSI-MCC-L plasmashell[2344]: LogicController: Failed to parse cache for https://www.ntv.com.tr/son-dakika.rss
Nis 30 13:11:31 MSI-MCC-L plasmashell[2344]: LogicController: Failed to parse cache for https://www.hurriyet.com.tr/rss/anasayfa
Nis 30 13:12:31 MSI-MCC-L plasmashell[2344]: LogicController: Failed to parse cache for https://teknoseyir.com/feed
Nis 30 13:12:31 MSI-MCC-L plasmashell[2344]: LogicController: Failed to parse cache for https://www.sozcu.com.tr/feeds-haberler
Nis 30 13:12:31 MSI-MCC-L plasmashell[2344]: LogicController: Failed to parse cache for https://www.cnnturk.com/feed/rss/all/news
Nis 30 13:12:31 MSI-MCC-L plasmashell[2344]: LogicController: Failed to parse cache for https://beyazgazete.com/rss/guncel.xml
Nis 30 13:12:31 MSI-MCC-L plasmashell[2344]: LogicController: Failed to parse cache for https://www.ntv.com.tr/son-dakika.rss
Nis 30 13:12:31 MSI-MCC-L plasmashell[2344]: LogicController: Failed to parse cache for https://www.hurriyet.com.tr/rss/anasayfa
Nis 30 13:13:31 MSI-MCC-L plasmashell[2344]: LogicController: Failed to parse cache for https://teknoseyir.com/feed
Nis 30 13:13:31 MSI-MCC-L plasmashell[2344]: LogicController: Failed to parse cache for https://www.sozcu.com.tr/feeds-haberler
Nis 30 13:13:31 MSI-MCC-L plasmashell[2344]: LogicController: Failed to parse cache for https://www.cnnturk.com/feed/rss/all/news
Nis 30 13:13:31 MSI-MCC-L plasmashell[2344]: LogicController: Failed to parse cache for https://beyazgazete.com/rss/guncel.xml
Nis 30 13:13:31 MSI-MCC-L plasmashell[2344]: LogicController: Failed to parse cache for https://www.ntv.com.tr/son-dakika.rss
Nis 30 13:13:31 MSI-MCC-L plasmashell[2344]: LogicController: Failed to parse cache for https://www.hurriyet.com.tr/rss/anasayfa
Nis 30 13:14:31 MSI-MCC-L plasmashell[2344]: LogicController: Failed to parse cache for https://teknoseyir.com/feed
Nis 30 13:14:31 MSI-MCC-L plasmashell[2344]: LogicController: Failed to parse cache for https://www.sozcu.com.tr/feeds-haberler
Nis 30 13:14:31 MSI-MCC-L plasmashell[2344]: LogicController: Failed to parse cache for https://www.cnnturk.com/feed/rss/all/news
Nis 30 13:14:31 MSI-MCC-L plasmashell[2344]: LogicController: Failed to parse cache for https://beyazgazete.com/rss/guncel.xml
Nis 30 13:14:31 MSI-MCC-L plasmashell[2344]: LogicController: Failed to parse cache for https://www.ntv.com.tr/son-dakika.rss
Nis 30 13:14:31 MSI-MCC-L plasmashell[2344]: LogicController: Failed to parse cache for https://www.hurriyet.com.tr/rss/anasayfa
Nis 30 13:15:31 MSI-MCC-L plasmashell[2344]: LogicController: Failed to parse cache for https://teknoseyir.com/feed
Nis 30 13:15:31 MSI-MCC-L plasmashell[2344]: LogicController: Failed to parse cache for https://www.sozcu.com.tr/feeds-haberler
Nis 30 13:15:31 MSI-MCC-L plasmashell[2344]: LogicController: Failed to parse cache for https://www.cnnturk.com/feed/rss/all/news
Nis 30 13:15:31 MSI-MCC-L plasmashell[2344]: LogicController: Failed to parse cache for https://beyazgazete.com/rss/guncel.xml
Nis 30 13:15:31 MSI-MCC-L plasmashell[2344]: LogicController: Failed to parse cache for https://www.ntv.com.tr/son-dakika.rss
Nis 30 13:15:31 MSI-MCC-L plasmashell[2344]: LogicController: Failed to parse cache for https://www.hurriyet.com.tr/rss/anasayfa
Nis 30 13:16:01 MSI-MCC-L kscreenlocker_greet[8619]: Member contentWidth of the object PopupList_QMLTYPE_125 overrides a member of the base object. Consider renaming it or adding final or override specifier
Nis 30 13:16:31 MSI-MCC-L plasmashell[2344]: LogicController: Failed to parse cache for https://teknoseyir.com/feed
Nis 30 13:16:31 MSI-MCC-L plasmashell[2344]: LogicController: Failed to parse cache for https://www.sozcu.com.tr/feeds-haberler
Nis 30 13:16:31 MSI-MCC-L plasmashell[2344]: LogicController: Failed to parse cache for https://www.cnnturk.com/feed/rss/all/news
Nis 30 13:16:31 MSI-MCC-L plasmashell[2344]: LogicController: Failed to parse cache for https://beyazgazete.com/rss/guncel.xml
Nis 30 13:16:31 MSI-MCC-L plasmashell[2344]: LogicController: Failed to parse cache for https://www.ntv.com.tr/son-dakika.rss
Nis 30 13:16:31 MSI-MCC-L plasmashell[2344]: LogicController: Failed to parse cache for https://www.hurriyet.com.tr/rss/anasayfa
Nis 30 13:17:31 MSI-MCC-L plasmashell[2344]: LogicController: Failed to parse cache for https://teknoseyir.com/feed
Nis 30 13:17:31 MSI-MCC-L plasmashell[2344]: LogicController: Failed to parse cache for https://www.sozcu.com.tr/feeds-haberler
Nis 30 13:17:31 MSI-MCC-L plasmashell[2344]: LogicController: Failed to parse cache for https://www.cnnturk.com/feed/rss/all/news
Nis 30 13:17:31 MSI-MCC-L plasmashell[2344]: LogicController: Failed to parse cache for https://beyazgazete.com/rss/guncel.xml
Nis 30 13:17:31 MSI-MCC-L plasmashell[2344]: LogicController: Failed to parse cache for https://www.ntv.com.tr/son-dakika.rss
Nis 30 13:17:31 MSI-MCC-L plasmashell[2344]: LogicController: Failed to parse cache for https://www.hurriyet.com.tr/rss/anasayfa
Nis 30 13:18:31 MSI-MCC-L plasmashell[2344]: LogicController: Failed to parse cache for https://teknoseyir.com/feed
Nis 30 13:18:31 MSI-MCC-L plasmashell[2344]: LogicController: Failed to parse cache for https://www.sozcu.com.tr/feeds-haberler
Nis 30 13:18:31 MSI-MCC-L plasmashell[2344]: LogicController: Failed to parse cache for https://www.cnnturk.com/feed/rss/all/news
Nis 30 13:18:31 MSI-MCC-L plasmashell[2344]: LogicController: Failed to parse cache for https://beyazgazete.com/rss/guncel.xml
Nis 30 13:18:31 MSI-MCC-L plasmashell[2344]: LogicController: Failed to parse cache for https://www.ntv.com.tr/son-dakika.rss
Nis 30 13:18:31 MSI-MCC-L plasmashell[2344]: LogicController: Failed to parse cache for https://www.hurriyet.com.tr/rss/anasayfa
Nis 30 13:19:31 MSI-MCC-L plasmashell[2344]: LogicController: Failed to parse cache for https://teknoseyir.com/feed
Nis 30 13:19:31 MSI-MCC-L plasmashell[2344]: LogicController: Failed to parse cache for https://www.sozcu.com.tr/feeds-haberler
Nis 30 13:19:31 MSI-MCC-L plasmashell[2344]: LogicController: Failed to parse cache for https://www.cnnturk.com/feed/rss/all/news
Nis 30 13:19:31 MSI-MCC-L plasmashell[2344]: LogicController: Failed to parse cache for https://beyazgazete.com/rss/guncel.xml
Nis 30 13:19:31 MSI-MCC-L plasmashell[2344]: LogicController: Failed to parse cache for https://www.ntv.com.tr/son-dakika.rss
Nis 30 13:19:31 MSI-MCC-L plasmashell[2344]: LogicController: Failed to parse cache for https://www.hurriyet.com.tr/rss/anasayfa
Nis 30 13:20:31 MSI-MCC-L plasmashell[2344]: LogicController: Failed to parse cache for https://teknoseyir.com/feed
Nis 30 13:20:31 MSI-MCC-L plasmashell[2344]: LogicController: Failed to parse cache for https://www.sozcu.com.tr/feeds-haberler
Nis 30 13:20:31 MSI-MCC-L plasmashell[2344]: LogicController: Failed to parse cache for https://www.cnnturk.com/feed/rss/all/news
Nis 30 13:20:31 MSI-MCC-L plasmashell[2344]: LogicController: Failed to parse cache for https://beyazgazete.com/rss/guncel.xml
Nis 30 13:20:31 MSI-MCC-L plasmashell[2344]: LogicController: Failed to parse cache for https://www.ntv.com.tr/son-dakika.rss
Nis 30 13:20:31 MSI-MCC-L plasmashell[2344]: LogicController: Failed to parse cache for https://www.hurriyet.com.tr/rss/anasayfa
Nis 30 13:21:31 MSI-MCC-L plasmashell[2344]: LogicController: Failed to parse cache for https://teknoseyir.com/feed
Nis 30 13:21:31 MSI-MCC-L plasmashell[2344]: LogicController: Failed to parse cache for https://www.sozcu.com.tr/feeds-haberler
Nis 30 13:21:31 MSI-MCC-L plasmashell[2344]: LogicController: Failed to parse cache for https://www.cnnturk.com/feed/rss/all/news
Nis 30 13:21:31 MSI-MCC-L plasmashell[2344]: LogicController: Failed to parse cache for https://beyazgazete.com/rss/guncel.xml
Nis 30 13:21:31 MSI-MCC-L plasmashell[2344]: LogicController: Failed to parse cache for https://www.ntv.com.tr/son-dakika.rss
Nis 30 13:21:31 MSI-MCC-L plasmashell[2344]: LogicController: Failed to parse cache for https://www.hurriyet.com.tr/rss/anasayfa
Nis 30 13:22:31 MSI-MCC-L plasmashell[2344]: LogicController: Failed to parse cache for https://teknoseyir.com/feed
Nis 30 13:22:31 MSI-MCC-L plasmashell[2344]: LogicController: Failed to parse cache for https://www.sozcu.com.tr/feeds-haberler
Nis 30 13:22:31 MSI-MCC-L plasmashell[2344]: LogicController: Failed to parse cache for https://www.cnnturk.com/feed/rss/all/news
Nis 30 13:22:31 MSI-MCC-L plasmashell[2344]: LogicController: Failed to parse cache for https://beyazgazete.com/rss/guncel.xml
Nis 30 13:22:31 MSI-MCC-L plasmashell[2344]: LogicController: Failed to parse cache for https://www.ntv.com.tr/son-dakika.rss
Nis 30 13:22:31 MSI-MCC-L plasmashell[2344]: LogicController: Failed to parse cache for https://www.hurriyet.com.tr/rss/anasayfa
Nis 30 13:23:31 MSI-MCC-L plasmashell[2344]: LogicController: Failed to parse cache for https://teknoseyir.com/feed
Nis 30 13:23:31 MSI-MCC-L plasmashell[2344]: LogicController: Failed to parse cache for https://www.sozcu.com.tr/feeds-haberler
Nis 30 13:23:31 MSI-MCC-L plasmashell[2344]: LogicController: Failed to parse cache for https://www.cnnturk.com/feed/rss/all/news
Nis 30 13:23:31 MSI-MCC-L plasmashell[2344]: LogicController: Failed to parse cache for https://beyazgazete.com/rss/guncel.xml
Nis 30 13:23:31 MSI-MCC-L plasmashell[2344]: LogicController: Failed to parse cache for https://www.ntv.com.tr/son-dakika.rss
Nis 30 13:23:31 MSI-MCC-L plasmashell[2344]: LogicController: Failed to parse cache for https://www.hurriyet.com.tr/rss/anasayfa
Nis 30 13:24:31 MSI-MCC-L plasmashell[2344]: LogicController: Failed to parse cache for https://teknoseyir.com/feed
Nis 30 13:24:31 MSI-MCC-L plasmashell[2344]: LogicController: Failed to parse cache for https://www.sozcu.com.tr/feeds-haberler
Nis 30 13:24:31 MSI-MCC-L plasmashell[2344]: LogicController: Failed to parse cache for https://www.cnnturk.com/feed/rss/all/news
Nis 30 13:24:31 MSI-MCC-L plasmashell[2344]: LogicController: Failed to parse cache for https://beyazgazete.com/rss/guncel.xml
Nis 30 13:24:31 MSI-MCC-L plasmashell[2344]: LogicController: Failed to parse cache for https://www.ntv.com.tr/son-dakika.rss
Nis 30 13:24:31 MSI-MCC-L plasmashell[2344]: LogicController: Failed to parse cache for https://www.hurriyet.com.tr/rss/anasayfa
Nis 30 13:25:31 MSI-MCC-L plasmashell[2344]: LogicController: Failed to parse cache for https://teknoseyir.com/feed
Nis 30 13:25:31 MSI-MCC-L plasmashell[2344]: LogicController: Failed to parse cache for https://www.sozcu.com.tr/feeds-haberler
Nis 30 13:25:31 MSI-MCC-L plasmashell[2344]: LogicController: Failed to parse cache for https://www.cnnturk.com/feed/rss/all/news
Nis 30 13:25:31 MSI-MCC-L plasmashell[2344]: LogicController: Failed to parse cache for https://beyazgazete.com/rss/guncel.xml
Nis 30 13:25:31 MSI-MCC-L plasmashell[2344]: LogicController: Failed to parse cache for https://www.ntv.com.tr/son-dakika.rss
Nis 30 13:25:31 MSI-MCC-L plasmashell[2344]: LogicController: Failed to parse cache for https://www.hurriyet.com.tr/rss/anasayfa
Nis 30 13:26:31 MSI-MCC-L plasmashell[2344]: LogicController: Failed to parse cache for https://teknoseyir.com/feed
Nis 30 13:26:31 MSI-MCC-L plasmashell[2344]: LogicController: Failed to parse cache for https://www.sozcu.com.tr/feeds-haberler
Nis 30 13:26:31 MSI-MCC-L plasmashell[2344]: LogicController: Failed to parse cache for https://www.cnnturk.com/feed/rss/all/news
Nis 30 13:26:31 MSI-MCC-L plasmashell[2344]: LogicController: Failed to parse cache for https://beyazgazete.com/rss/guncel.xml
Nis 30 13:26:31 MSI-MCC-L plasmashell[2344]: LogicController: Failed to parse cache for https://www.ntv.com.tr/son-dakika.rss
Nis 30 13:26:31 MSI-MCC-L plasmashell[2344]: LogicController: Failed to parse cache for https://www.hurriyet.com.tr/rss/anasayfa
Nis 30 13:27:31 MSI-MCC-L plasmashell[2344]: LogicController: Failed to parse cache for https://teknoseyir.com/feed
Nis 30 13:27:31 MSI-MCC-L plasmashell[2344]: LogicController: Failed to parse cache for https://www.sozcu.com.tr/feeds-haberler
Nis 30 13:27:31 MSI-MCC-L plasmashell[2344]: LogicController: Failed to parse cache for https://www.cnnturk.com/feed/rss/all/news
Nis 30 13:27:31 MSI-MCC-L plasmashell[2344]: LogicController: Failed to parse cache for https://beyazgazete.com/rss/guncel.xml
Nis 30 13:27:31 MSI-MCC-L plasmashell[2344]: LogicController: Failed to parse cache for https://www.ntv.com.tr/son-dakika.rss
Nis 30 13:27:31 MSI-MCC-L plasmashell[2344]: LogicController: Failed to parse cache for https://www.hurriyet.com.tr/rss/anasayfa
Nis 30 13:28:31 MSI-MCC-L plasmashell[2344]: LogicController: Failed to parse cache for https://teknoseyir.com/feed
Nis 30 13:28:31 MSI-MCC-L plasmashell[2344]: LogicController: Failed to parse cache for https://www.sozcu.com.tr/feeds-haberler
Nis 30 13:28:31 MSI-MCC-L plasmashell[2344]: LogicController: Failed to parse cache for https://www.cnnturk.com/feed/rss/all/news
Nis 30 13:28:31 MSI-MCC-L plasmashell[2344]: LogicController: Failed to parse cache for https://beyazgazete.com/rss/guncel.xml
Nis 30 13:28:31 MSI-MCC-L plasmashell[2344]: LogicController: Failed to parse cache for https://www.ntv.com.tr/son-dakika.rss
Nis 30 13:28:31 MSI-MCC-L plasmashell[2344]: LogicController: Failed to parse cache for https://www.hurriyet.com.tr/rss/anasayfa
Nis 30 13:29:31 MSI-MCC-L plasmashell[2344]: LogicController: Failed to parse cache for https://teknoseyir.com/feed
Nis 30 13:29:31 MSI-MCC-L plasmashell[2344]: LogicController: Failed to parse cache for https://www.sozcu.com.tr/feeds-haberler
Nis 30 13:29:31 MSI-MCC-L plasmashell[2344]: LogicController: Failed to parse cache for https://www.cnnturk.com/feed/rss/all/news
Nis 30 13:29:31 MSI-MCC-L plasmashell[2344]: LogicController: Failed to parse cache for https://beyazgazete.com/rss/guncel.xml
Nis 30 13:29:31 MSI-MCC-L plasmashell[2344]: LogicController: Failed to parse cache for https://www.ntv.com.tr/son-dakika.rss
Nis 30 13:29:31 MSI-MCC-L plasmashell[2344]: LogicController: Failed to parse cache for https://www.hurriyet.com.tr/rss/anasayfa
Nis 30 13:30:12 MSI-MCC-L plasmashell[2344]: Detected location from IP: Salihli
Nis 30 13:30:12 MSI-MCC-L plasmashell[2344]: Fetching weather using provider: openmeteo, days: 12
Nis 30 13:30:31 MSI-MCC-L plasmashell[2344]: LogicController: Failed to parse cache for https://teknoseyir.com/feed
Nis 30 13:30:31 MSI-MCC-L plasmashell[2344]: LogicController: Failed to parse cache for https://www.sozcu.com.tr/feeds-haberler
Nis 30 13:30:31 MSI-MCC-L plasmashell[2344]: LogicController: Failed to parse cache for https://www.cnnturk.com/feed/rss/all/news
Nis 30 13:30:31 MSI-MCC-L plasmashell[2344]: LogicController: Failed to parse cache for https://beyazgazete.com/rss/guncel.xml
Nis 30 13:30:31 MSI-MCC-L plasmashell[2344]: LogicController: Failed to parse cache for https://www.ntv.com.tr/son-dakika.rss
Nis 30 13:30:31 MSI-MCC-L plasmashell[2344]: LogicController: Failed to parse cache for https://www.hurriyet.com.tr/rss/anasayfa
Nis 30 13:31:31 MSI-MCC-L plasmashell[2344]: LogicController: Failed to parse cache for https://teknoseyir.com/feed
Nis 30 13:31:31 MSI-MCC-L plasmashell[2344]: LogicController: Failed to parse cache for https://www.sozcu.com.tr/feeds-haberler
Nis 30 13:31:31 MSI-MCC-L plasmashell[2344]: LogicController: Failed to parse cache for https://www.cnnturk.com/feed/rss/all/news
Nis 30 13:31:31 MSI-MCC-L plasmashell[2344]: LogicController: Failed to parse cache for https://beyazgazete.com/rss/guncel.xml
Nis 30 13:31:31 MSI-MCC-L plasmashell[2344]: LogicController: Failed to parse cache for https://www.ntv.com.tr/son-dakika.rss
Nis 30 13:31:31 MSI-MCC-L plasmashell[2344]: LogicController: Failed to parse cache for https://www.hurriyet.com.tr/rss/anasayfa
Nis 30 13:32:31 MSI-MCC-L plasmashell[2344]: LogicController: Failed to parse cache for https://teknoseyir.com/feed
Nis 30 13:32:31 MSI-MCC-L plasmashell[2344]: LogicController: Failed to parse cache for https://www.sozcu.com.tr/feeds-haberler
Nis 30 13:32:31 MSI-MCC-L plasmashell[2344]: LogicController: Failed to parse cache for https://www.cnnturk.com/feed/rss/all/news
Nis 30 13:32:31 MSI-MCC-L plasmashell[2344]: LogicController: Failed to parse cache for https://beyazgazete.com/rss/guncel.xml
Nis 30 13:32:31 MSI-MCC-L plasmashell[2344]: LogicController: Failed to parse cache for https://www.ntv.com.tr/son-dakika.rss
Nis 30 13:32:31 MSI-MCC-L plasmashell[2344]: LogicController: Failed to parse cache for https://www.hurriyet.com.tr/rss/anasayfa
Nis 30 13:33:31 MSI-MCC-L plasmashell[2344]: LogicController: Failed to parse cache for https://teknoseyir.com/feed
Nis 30 13:33:31 MSI-MCC-L plasmashell[2344]: LogicController: Failed to parse cache for https://www.sozcu.com.tr/feeds-haberler
Nis 30 13:33:31 MSI-MCC-L plasmashell[2344]: LogicController: Failed to parse cache for https://www.cnnturk.com/feed/rss/all/news
Nis 30 13:33:31 MSI-MCC-L plasmashell[2344]: LogicController: Failed to parse cache for https://beyazgazete.com/rss/guncel.xml
Nis 30 13:33:31 MSI-MCC-L plasmashell[2344]: LogicController: Failed to parse cache for https://www.ntv.com.tr/son-dakika.rss
Nis 30 13:33:31 MSI-MCC-L plasmashell[2344]: LogicController: Failed to parse cache for https://www.hurriyet.com.tr/rss/anasayfa
Nis 30 13:34:31 MSI-MCC-L plasmashell[2344]: LogicController: Failed to parse cache for https://teknoseyir.com/feed
Nis 30 13:34:31 MSI-MCC-L plasmashell[2344]: LogicController: Failed to parse cache for https://www.sozcu.com.tr/feeds-haberler
Nis 30 13:34:31 MSI-MCC-L plasmashell[2344]: LogicController: Failed to parse cache for https://www.cnnturk.com/feed/rss/all/news
Nis 30 13:34:31 MSI-MCC-L plasmashell[2344]: LogicController: Failed to parse cache for https://beyazgazete.com/rss/guncel.xml
Nis 30 13:34:31 MSI-MCC-L plasmashell[2344]: LogicController: Failed to parse cache for https://www.ntv.com.tr/son-dakika.rss
Nis 30 13:34:31 MSI-MCC-L plasmashell[2344]: LogicController: Failed to parse cache for https://www.hurriyet.com.tr/rss/anasayfa
Nis 30 13:35:31 MSI-MCC-L plasmashell[2344]: LogicController: Failed to parse cache for https://teknoseyir.com/feed
Nis 30 13:35:31 MSI-MCC-L plasmashell[2344]: LogicController: Failed to parse cache for https://www.sozcu.com.tr/feeds-haberler
Nis 30 13:35:31 MSI-MCC-L plasmashell[2344]: LogicController: Failed to parse cache for https://www.cnnturk.com/feed/rss/all/news
Nis 30 13:35:31 MSI-MCC-L plasmashell[2344]: LogicController: Failed to parse cache for https://beyazgazete.com/rss/guncel.xml
Nis 30 13:35:31 MSI-MCC-L plasmashell[2344]: LogicController: Failed to parse cache for https://www.ntv.com.tr/son-dakika.rss
Nis 30 13:35:31 MSI-MCC-L plasmashell[2344]: LogicController: Failed to parse cache for https://www.hurriyet.com.tr/rss/anasayfa
Nis 30 13:36:31 MSI-MCC-L plasmashell[2344]: LogicController: Failed to parse cache for https://teknoseyir.com/feed
Nis 30 13:36:31 MSI-MCC-L plasmashell[2344]: LogicController: Failed to parse cache for https://www.sozcu.com.tr/feeds-haberler
Nis 30 13:36:31 MSI-MCC-L plasmashell[2344]: LogicController: Failed to parse cache for https://www.cnnturk.com/feed/rss/all/news
Nis 30 13:36:31 MSI-MCC-L plasmashell[2344]: LogicController: Failed to parse cache for https://beyazgazete.com/rss/guncel.xml
Nis 30 13:36:31 MSI-MCC-L plasmashell[2344]: LogicController: Failed to parse cache for https://www.ntv.com.tr/son-dakika.rss
Nis 30 13:36:31 MSI-MCC-L plasmashell[2344]: LogicController: Failed to parse cache for https://www.hurriyet.com.tr/rss/anasayfa
Nis 30 13:37:31 MSI-MCC-L plasmashell[2344]: LogicController: Failed to parse cache for https://teknoseyir.com/feed
Nis 30 13:37:31 MSI-MCC-L plasmashell[2344]: LogicController: Failed to parse cache for https://www.sozcu.com.tr/feeds-haberler
Nis 30 13:37:31 MSI-MCC-L plasmashell[2344]: LogicController: Failed to parse cache for https://www.cnnturk.com/feed/rss/all/news
Nis 30 13:37:31 MSI-MCC-L plasmashell[2344]: LogicController: Failed to parse cache for https://beyazgazete.com/rss/guncel.xml
Nis 30 13:37:31 MSI-MCC-L plasmashell[2344]: LogicController: Failed to parse cache for https://www.ntv.com.tr/son-dakika.rss
Nis 30 13:37:31 MSI-MCC-L plasmashell[2344]: LogicController: Failed to parse cache for https://www.hurriyet.com.tr/rss/anasayfa
Nis 30 13:38:31 MSI-MCC-L plasmashell[2344]: LogicController: Failed to parse cache for https://teknoseyir.com/feed
Nis 30 13:38:31 MSI-MCC-L plasmashell[2344]: LogicController: Failed to parse cache for https://www.sozcu.com.tr/feeds-haberler
Nis 30 13:38:31 MSI-MCC-L plasmashell[2344]: LogicController: Failed to parse cache for https://www.cnnturk.com/feed/rss/all/news
Nis 30 13:38:31 MSI-MCC-L plasmashell[2344]: LogicController: Failed to parse cache for https://beyazgazete.com/rss/guncel.xml
Nis 30 13:38:31 MSI-MCC-L plasmashell[2344]: LogicController: Failed to parse cache for https://www.ntv.com.tr/son-dakika.rss
Nis 30 13:38:31 MSI-MCC-L plasmashell[2344]: LogicController: Failed to parse cache for https://www.hurriyet.com.tr/rss/anasayfa
Nis 30 13:39:31 MSI-MCC-L plasmashell[2344]: LogicController: Failed to parse cache for https://teknoseyir.com/feed
Nis 30 13:39:31 MSI-MCC-L plasmashell[2344]: LogicController: Failed to parse cache for https://www.sozcu.com.tr/feeds-haberler
Nis 30 13:39:31 MSI-MCC-L plasmashell[2344]: LogicController: Failed to parse cache for https://www.cnnturk.com/feed/rss/all/news
Nis 30 13:39:31 MSI-MCC-L plasmashell[2344]: LogicController: Failed to parse cache for https://beyazgazete.com/rss/guncel.xml
Nis 30 13:39:31 MSI-MCC-L plasmashell[2344]: LogicController: Failed to parse cache for https://www.ntv.com.tr/son-dakika.rss
Nis 30 13:39:31 MSI-MCC-L plasmashell[2344]: LogicController: Failed to parse cache for https://www.hurriyet.com.tr/rss/anasayfa
Nis 30 13:40:31 MSI-MCC-L plasmashell[2344]: LogicController: Failed to parse cache for https://teknoseyir.com/feed
Nis 30 13:40:31 MSI-MCC-L plasmashell[2344]: LogicController: Failed to parse cache for https://www.sozcu.com.tr/feeds-haberler
Nis 30 13:40:31 MSI-MCC-L plasmashell[2344]: LogicController: Failed to parse cache for https://www.cnnturk.com/feed/rss/all/news
Nis 30 13:40:31 MSI-MCC-L plasmashell[2344]: LogicController: Failed to parse cache for https://beyazgazete.com/rss/guncel.xml
Nis 30 13:40:31 MSI-MCC-L plasmashell[2344]: LogicController: Failed to parse cache for https://www.ntv.com.tr/son-dakika.rss
Nis 30 13:40:31 MSI-MCC-L plasmashell[2344]: LogicController: Failed to parse cache for https://www.hurriyet.com.tr/rss/anasayfa
Nis 30 13:41:31 MSI-MCC-L plasmashell[2344]: LogicController: Failed to parse cache for https://teknoseyir.com/feed
Nis 30 13:41:31 MSI-MCC-L plasmashell[2344]: LogicController: Failed to parse cache for https://www.sozcu.com.tr/feeds-haberler
Nis 30 13:41:31 MSI-MCC-L plasmashell[2344]: LogicController: Failed to parse cache for https://www.cnnturk.com/feed/rss/all/news
Nis 30 13:41:31 MSI-MCC-L plasmashell[2344]: LogicController: Failed to parse cache for https://beyazgazete.com/rss/guncel.xml
Nis 30 13:41:31 MSI-MCC-L plasmashell[2344]: LogicController: Failed to parse cache for https://www.ntv.com.tr/son-dakika.rss
Nis 30 13:41:31 MSI-MCC-L plasmashell[2344]: LogicController: Failed to parse cache for https://www.hurriyet.com.tr/rss/anasayfa
Nis 30 13:42:31 MSI-MCC-L plasmashell[2344]: LogicController: Failed to parse cache for https://teknoseyir.com/feed
Nis 30 13:42:31 MSI-MCC-L plasmashell[2344]: LogicController: Failed to parse cache for https://www.sozcu.com.tr/feeds-haberler
Nis 30 13:42:31 MSI-MCC-L plasmashell[2344]: LogicController: Failed to parse cache for https://www.cnnturk.com/feed/rss/all/news
Nis 30 13:42:31 MSI-MCC-L plasmashell[2344]: LogicController: Failed to parse cache for https://beyazgazete.com/rss/guncel.xml
Nis 30 13:42:31 MSI-MCC-L plasmashell[2344]: LogicController: Failed to parse cache for https://www.ntv.com.tr/son-dakika.rss
Nis 30 13:42:31 MSI-MCC-L plasmashell[2344]: LogicController: Failed to parse cache for https://www.hurriyet.com.tr/rss/anasayfa
Nis 30 13:43:01 MSI-MCC-L kwin_x11[2230]: 0x2: GL_INVALID_VALUE in glTexStorage2D(width, height or depth < 1)
Nis 30 13:43:01 MSI-MCC-L kwin_x11[2230]: Invalid framebuffer status:  "GL_FRAMEBUFFER_INCOMPLETE_ATTACHMENT"
Nis 30 13:43:01 MSI-MCC-L kwin_x11[2230]: Failed to create an offscreen framebuffer
Nis 30 13:43:31 MSI-MCC-L plasmashell[2344]: LogicController: Failed to parse cache for https://teknoseyir.com/feed
Nis 30 13:43:31 MSI-MCC-L plasmashell[2344]: LogicController: Failed to parse cache for https://www.sozcu.com.tr/feeds-haberler
Nis 30 13:43:31 MSI-MCC-L plasmashell[2344]: LogicController: Failed to parse cache for https://www.cnnturk.com/feed/rss/all/news
Nis 30 13:43:31 MSI-MCC-L plasmashell[2344]: LogicController: Failed to parse cache for https://beyazgazete.com/rss/guncel.xml
Nis 30 13:43:31 MSI-MCC-L plasmashell[2344]: LogicController: Failed to parse cache for https://www.ntv.com.tr/son-dakika.rss
Nis 30 13:43:31 MSI-MCC-L plasmashell[2344]: LogicController: Failed to parse cache for https://www.hurriyet.com.tr/rss/anasayfa
Nis 30 13:44:31 MSI-MCC-L plasmashell[2344]: LogicController: Failed to parse cache for https://teknoseyir.com/feed
Nis 30 13:44:31 MSI-MCC-L plasmashell[2344]: LogicController: Failed to parse cache for https://www.sozcu.com.tr/feeds-haberler
Nis 30 13:44:31 MSI-MCC-L plasmashell[2344]: LogicController: Failed to parse cache for https://www.cnnturk.com/feed/rss/all/news
Nis 30 13:44:31 MSI-MCC-L plasmashell[2344]: LogicController: Failed to parse cache for https://beyazgazete.com/rss/guncel.xml
Nis 30 13:44:31 MSI-MCC-L plasmashell[2344]: LogicController: Failed to parse cache for https://www.ntv.com.tr/son-dakika.rss
Nis 30 13:44:31 MSI-MCC-L plasmashell[2344]: LogicController: Failed to parse cache for https://www.hurriyet.com.tr/rss/anasayfa
Nis 30 13:45:14 MSI-MCC-L plasmashell[2344]: file:///home/mcc45tr/.local/share/plasma/plasmoids/com.mcc45tr.filesearch/contents/ui/components/LogicController.qml:706: TypeError: undefined is not a function
Nis 30 13:45:31 MSI-MCC-L plasmashell[2344]: LogicController: Failed to parse cache for https://teknoseyir.com/feed
Nis 30 13:45:31 MSI-MCC-L plasmashell[2344]: LogicController: Failed to parse cache for https://www.sozcu.com.tr/feeds-haberler
Nis 30 13:45:31 MSI-MCC-L plasmashell[2344]: LogicController: Failed to parse cache for https://www.cnnturk.com/feed/rss/all/news
Nis 30 13:45:31 MSI-MCC-L plasmashell[2344]: LogicController: Failed to parse cache for https://beyazgazete.com/rss/guncel.xml
Nis 30 13:45:31 MSI-MCC-L plasmashell[2344]: LogicController: Failed to parse cache for https://www.ntv.com.tr/son-dakika.rss
Nis 30 13:45:31 MSI-MCC-L plasmashell[2344]: LogicController: Failed to parse cache for https://www.hurriyet.com.tr/rss/anasayfa
Nis 30 13:46:31 MSI-MCC-L plasmashell[2344]: LogicController: Failed to parse cache for https://teknoseyir.com/feed
Nis 30 13:46:31 MSI-MCC-L plasmashell[2344]: LogicController: Failed to parse cache for https://www.sozcu.com.tr/feeds-haberler
Nis 30 13:46:31 MSI-MCC-L plasmashell[2344]: LogicController: Failed to parse cache for https://www.cnnturk.com/feed/rss/all/news
Nis 30 13:46:31 MSI-MCC-L plasmashell[2344]: LogicController: Failed to parse cache for https://beyazgazete.com/rss/guncel.xml
Nis 30 13:46:31 MSI-MCC-L plasmashell[2344]: LogicController: Failed to parse cache for https://www.ntv.com.tr/son-dakika.rss
Nis 30 13:46:31 MSI-MCC-L plasmashell[2344]: LogicController: Failed to parse cache for https://www.hurriyet.com.tr/rss/anasayfa
Nis 30 13:47:31 MSI-MCC-L plasmashell[2344]: LogicController: Failed to parse cache for https://teknoseyir.com/feed
Nis 30 13:47:31 MSI-MCC-L plasmashell[2344]: LogicController: Failed to parse cache for https://www.sozcu.com.tr/feeds-haberler
Nis 30 13:47:31 MSI-MCC-L plasmashell[2344]: LogicController: Failed to parse cache for https://www.cnnturk.com/feed/rss/all/news
Nis 30 13:47:31 MSI-MCC-L plasmashell[2344]: LogicController: Failed to parse cache for https://beyazgazete.com/rss/guncel.xml
Nis 30 13:47:31 MSI-MCC-L plasmashell[2344]: LogicController: Failed to parse cache for https://www.ntv.com.tr/son-dakika.rss
Nis 30 13:47:31 MSI-MCC-L plasmashell[2344]: LogicController: Failed to parse cache for https://www.hurriyet.com.tr/rss/anasayfa
Nis 30 13:48:31 MSI-MCC-L plasmashell[2344]: LogicController: Failed to parse cache for https://teknoseyir.com/feed
Nis 30 13:48:31 MSI-MCC-L plasmashell[2344]: LogicController: Failed to parse cache for https://www.sozcu.com.tr/feeds-haberler
Nis 30 13:48:31 MSI-MCC-L plasmashell[2344]: LogicController: Failed to parse cache for https://www.cnnturk.com/feed/rss/all/news
Nis 30 13:48:31 MSI-MCC-L plasmashell[2344]: LogicController: Failed to parse cache for https://beyazgazete.com/rss/guncel.xml
Nis 30 13:48:31 MSI-MCC-L plasmashell[2344]: LogicController: Failed to parse cache for https://www.ntv.com.tr/son-dakika.rss
Nis 30 13:48:31 MSI-MCC-L plasmashell[2344]: LogicController: Failed to parse cache for https://www.hurriyet.com.tr/rss/anasayfa
Nis 30 13:49:31 MSI-MCC-L plasmashell[2344]: LogicController: Failed to parse cache for https://teknoseyir.com/feed
Nis 30 13:49:31 MSI-MCC-L plasmashell[2344]: LogicController: Failed to parse cache for https://www.sozcu.com.tr/feeds-haberler
Nis 30 13:49:31 MSI-MCC-L plasmashell[2344]: LogicController: Failed to parse cache for https://www.cnnturk.com/feed/rss/all/news
Nis 30 13:49:31 MSI-MCC-L plasmashell[2344]: LogicController: Failed to parse cache for https://beyazgazete.com/rss/guncel.xml
Nis 30 13:49:31 MSI-MCC-L plasmashell[2344]: LogicController: Failed to parse cache for https://www.ntv.com.tr/son-dakika.rss
Nis 30 13:49:31 MSI-MCC-L plasmashell[2344]: LogicController: Failed to parse cache for https://www.hurriyet.com.tr/rss/anasayfa
Nis 30 13:50:31 MSI-MCC-L plasmashell[2344]: LogicController: Failed to parse cache for https://teknoseyir.com/feed
Nis 30 13:50:31 MSI-MCC-L plasmashell[2344]: LogicController: Failed to parse cache for https://www.sozcu.com.tr/feeds-haberler
Nis 30 13:50:31 MSI-MCC-L plasmashell[2344]: LogicController: Failed to parse cache for https://www.cnnturk.com/feed/rss/all/news
Nis 30 13:50:31 MSI-MCC-L plasmashell[2344]: LogicController: Failed to parse cache for https://beyazgazete.com/rss/guncel.xml
Nis 30 13:50:31 MSI-MCC-L plasmashell[2344]: LogicController: Failed to parse cache for https://www.ntv.com.tr/son-dakika.rss
Nis 30 13:50:31 MSI-MCC-L plasmashell[2344]: LogicController: Failed to parse cache for https://www.hurriyet.com.tr/rss/anasayfa
Nis 30 13:51:31 MSI-MCC-L plasmashell[2344]: LogicController: Failed to parse cache for https://teknoseyir.com/feed
Nis 30 13:51:31 MSI-MCC-L plasmashell[2344]: LogicController: Failed to parse cache for https://www.sozcu.com.tr/feeds-haberler
Nis 30 13:51:31 MSI-MCC-L plasmashell[2344]: LogicController: Failed to parse cache for https://www.cnnturk.com/feed/rss/all/news
Nis 30 13:51:31 MSI-MCC-L plasmashell[2344]: LogicController: Failed to parse cache for https://beyazgazete.com/rss/guncel.xml
Nis 30 13:51:31 MSI-MCC-L plasmashell[2344]: LogicController: Failed to parse cache for https://www.ntv.com.tr/son-dakika.rss
Nis 30 13:51:31 MSI-MCC-L plasmashell[2344]: LogicController: Failed to parse cache for https://www.hurriyet.com.tr/rss/anasayfa
Nis 30 13:52:31 MSI-MCC-L plasmashell[2344]: LogicController: Failed to parse cache for https://teknoseyir.com/feed
Nis 30 13:52:31 MSI-MCC-L plasmashell[2344]: LogicController: Failed to parse cache for https://www.sozcu.com.tr/feeds-haberler
Nis 30 13:52:31 MSI-MCC-L plasmashell[2344]: LogicController: Failed to parse cache for https://www.cnnturk.com/feed/rss/all/news
Nis 30 13:52:31 MSI-MCC-L plasmashell[2344]: LogicController: Failed to parse cache for https://beyazgazete.com/rss/guncel.xml
Nis 30 13:52:31 MSI-MCC-L plasmashell[2344]: LogicController: Failed to parse cache for https://www.ntv.com.tr/son-dakika.rss
Nis 30 13:52:31 MSI-MCC-L plasmashell[2344]: LogicController: Failed to parse cache for https://www.hurriyet.com.tr/rss/anasayfa
Nis 30 13:53:35 MSI-MCC-L systemd-coredump[14001]: Process 2344 (plasmashell) of user 1000 dumped core.
                                                   #0  0x00007f6641fb8651 _ZN3QV46Object12insertMemberEPNS_14StringOrSymbolEPKNS_8PropertyENS_18PropertyAttributesE (libQt6Qml.so.6 + 0x1b8651)
                                                   #1  0x00007f6641f3db46 n/a (libQt6Qml.so.6 + 0x13db46)
                                                   #2  0x00007f6641fbfdb3 _ZN3QV46Object11internalPutENS_11PropertyKeyERKNS_5ValueEPS2_ (libQt6Qml.so.6 + 0x1bfdb3)
                                                   #3  0x00007f6641fbfbf8 _ZN3QV46Object11internalPutENS_11PropertyKeyERKNS_5ValueEPS2_ (libQt6Qml.so.6 + 0x1bfbf8)
                                                   #4  0x00007f664200080b n/a (libQt6Qml.so.6 + 0x20080b)
                                                   #5  0x00007f6642000929 _ZN3QV47Runtime12StoreElement4callEPNS_15ExecutionEngineERKNS_5ValueES6_S6_ (libQt6Qml.so.6 + 0x200929)
                                                   #7  0x00007f66420474f4 n/a (libQt6Qml.so.6 + 0x2474f4)
                                                   #8  0x00007f6641fa0524 n/a (libQt6Qml.so.6 + 0x1a0524)
                                                   #9  0x00007f66420075b2 _ZN3QV47Runtime28CallQmlContextPropertyLookup4callEPNS_15ExecutionEngineEjPNS_5ValueEi (libQt6Qml.so.6 + 0x2075b2)
                                                   #11 0x00007f66420474f4 n/a (libQt6Qml.so.6 + 0x2474f4)
                                                   #12 0x00007f6641f92400 n/a (libQt6Qml.so.6 + 0x192400)
                                                   #13 0x00007f6641f98609 _ZN3QV48Function4callEP7QObjectPPvPK9QMetaTypeiPNS_16ExecutionContextE (libQt6Qml.so.6 + 0x198609)
                                                   #14 0x00007f66420ef43a _ZN24QQmlJavaScriptExpression8evaluateEPPvPK9QMetaTypei (libQt6Qml.so.6 + 0x2ef43a)
                                                   #15 0x00007f6642081cc3 _ZN25QQmlBoundSignalExpression8evaluateEPPv (libQt6Qml.so.6 + 0x281cc3)
                                                   #16 0x00007f6642087040 n/a (libQt6Qml.so.6 + 0x287040)
                                                   #17 0x00007f66421125d2 _ZN12QQmlNotifier10emitNotifyEP20QQmlNotifierEndpointPPv (libQt6Qml.so.6 + 0x3125d2)
                                                   #19 0x00007f663f6dc8d2 _ZN9QQmlTimer6tickedEv (libQt6QmlMeta.so.6 + 0x1f8d2)
                                                   #20 0x00007f663f6dc98c _ZN9QQmlTimer5eventEP6QEvent (libQt6QmlMeta.so.6 + 0x1f98c)
                                                   #21 0x00007f6642d023a9 _ZN19QApplicationPrivate13notify_helperEP7QObjectP6QEvent (libQt6Widgets.so.6 + 0x1023a9)
                                                   #31 0x0000560e280e1df4 n/a (/usr/bin/plasmashell + 0x27df4)
                                                   #34 0x0000560e280e24f5 n/a (/usr/bin/plasmashell + 0x284f5)
Nis 30 13:53:36 MSI-MCC-L systemd[1744]: plasma-plasmashell.service: Main process exited, code=dumped, status=11/SEGV
Nis 30 13:53:36 MSI-MCC-L systemd[1744]: plasma-plasmashell.service: Failed with result 'core-dump'.
Nis 30 13:53:36 MSI-MCC-L systemd[1744]: plasma-plasmashell.service: Consumed 9min 31.453s CPU time over 56min 27.264s wall clock time, 716.7M memory peak.
Nis 30 13:53:36 MSI-MCC-L systemd[1744]: plasma-plasmashell.service: Scheduled restart job, restart counter is at 1.
Nis 30 13:53:36 MSI-MCC-L plasmashell[14037]: The theme "lightly-plasma-v4" uses the legacy metadata.desktop. Consider contacting the author and asking them update it to use the newer JSON format.
Nis 30 13:53:36 MSI-MCC-L plasmashell[14037]: The theme "lightly-plasma-v4" uses the legacy metadata.desktop. Consider contacting the author and asking them update it to use the newer JSON format.
Nis 30 13:53:36 MSI-MCC-L plasmashell[14037]: The theme "lightly-plasma-v4" uses the legacy metadata.desktop. Consider contacting the author and asking them update it to use the newer JSON format.
Nis 30 13:53:37 MSI-MCC-L plasmashell[14037]: Could not find required file "mainscript" for package "/usr/share/plasma/plasmoids/org.kde.plasma.icontasks/" should be QList("ui/main.qml")
Nis 30 13:53:37 MSI-MCC-L plasmashell[14037]: Member visible of the object PlasmaQuick::Dialog overrides a member of the base object. Consider renaming it or adding final or override specifier
Nis 30 13:53:37 MSI-MCC-L plasmashell[14037]: The theme "lightly-plasma-v4" uses the legacy metadata.desktop. Consider contacting the author and asking them update it to use the newer JSON format.
Nis 30 13:53:37 MSI-MCC-L plasmashell[14037]: Member enabled of the object DeclarativeDropArea overrides a member of the base object. Consider renaming it or adding final or override specifier
Nis 30 13:53:37 MSI-MCC-L plasmashell[14037]: Member enabled of the object NotificationManager_QMLTYPE_203 overrides a member of the base object. Consider renaming it or adding final or override specifier
Nis 30 13:53:40 MSI-MCC-L plasmashell[14037]: BootDataManager: Component completed. Cache size: 950
Nis 30 13:53:40 MSI-MCC-L plasmashell[14037]: BootDataManager: Loading from cache (limine)
Nis 30 13:53:40 MSI-MCC-L plasmashell[14037]: FileSearch: LogicController initialized
Nis 30 13:53:41 MSI-MCC-L plasmashell[14037]: file:///home/mcc45tr/.local/share/plasma/plasmoids/com.mcc45tr.musicplayer/contents/ui/modes/PanelMode.qml:282:25: QML Binding: Binding loop detected for property "value":
                                              file:///home/mcc45tr/.local/share/plasma/plasmoids/com.mcc45tr.musicplayer/contents/ui/modes/PanelMode.qml:285:29
Nis 30 13:53:42 MSI-MCC-L plasmashell[14037]: BootDataManager: New Data from sh "/home/mcc45tr/.local/share/plasma/plasmoids/com.mcc45tr.mselectivereboot/contents/tools/find_windows_mount.sh"
Nis 30 13:53:42 MSI-MCC-L plasmashell[14037]: BootDataManager: Data keys: exit code, exit status, stderr, stdout
Nis 30 13:53:42 MSI-MCC-L plasmashell[14037]: BootDataManager: Received Windows Version
Nis 30 13:53:42 MSI-MCC-L plasmashell[14037]: LogicController: Failed to parse cache for https://teknoseyir.com/feed
Nis 30 13:53:42 MSI-MCC-L plasmashell[14037]: LogicController: Failed to parse cache for https://www.sozcu.com.tr/feeds-haberler
Nis 30 13:53:42 MSI-MCC-L plasmashell[14037]: LogicController: Failed to parse cache for https://www.cnnturk.com/feed/rss/all/news
Nis 30 13:53:42 MSI-MCC-L plasmashell[14037]: LogicController: Failed to parse cache for https://beyazgazete.com/rss/guncel.xml
Nis 30 13:53:42 MSI-MCC-L plasmashell[14037]: LogicController: Failed to parse cache for https://www.ntv.com.tr/son-dakika.rss
Nis 30 13:53:42 MSI-MCC-L plasmashell[14037]: LogicController: Failed to parse cache for https://www.hurriyet.com.tr/rss/anasayfa
Nis 30 13:53:44 MSI-MCC-L plasmashell[14037]: Connecting to deprecated signal QDBusConnectionInterface::serviceOwnerChanged(QString,QString,QString)
Nis 30 13:53:45 MSI-MCC-L plasmashell[14037]: qrc:/qt/qml/plasma/applet/org/kde/plasma/brightness/PopupDialog.qml:96: TypeError: Value is null and could not be converted to an object
Nis 30 13:54:00 MSI-MCC-L plasmashell[14037]: LogicController: Failed to parse cache for https://teknoseyir.com/feed
Nis 30 13:54:00 MSI-MCC-L plasmashell[14037]: LogicController: Failed to parse cache for https://www.sozcu.com.tr/feeds-haberler
Nis 30 13:54:00 MSI-MCC-L plasmashell[14037]: LogicController: Failed to parse cache for https://www.cnnturk.com/feed/rss/all/news
Nis 30 13:54:00 MSI-MCC-L plasmashell[14037]: LogicController: Failed to parse cache for https://beyazgazete.com/rss/guncel.xml
Nis 30 13:54:00 MSI-MCC-L plasmashell[14037]: LogicController: Failed to parse cache for https://www.ntv.com.tr/son-dakika.rss
Nis 30 13:54:00 MSI-MCC-L plasmashell[14037]: LogicController: Failed to parse cache for https://www.hurriyet.com.tr/rss/anasayfa
Nis 30 13:54:59 MSI-MCC-L plasmashell[14037]: LogicController: Failed to parse cache for https://teknoseyir.com/feed
Nis 30 13:54:59 MSI-MCC-L plasmashell[14037]: LogicController: Failed to parse cache for https://www.sozcu.com.tr/feeds-haberler
Nis 30 13:54:59 MSI-MCC-L plasmashell[14037]: LogicController: Failed to parse cache for https://www.cnnturk.com/feed/rss/all/news
Nis 30 13:54:59 MSI-MCC-L plasmashell[14037]: LogicController: Failed to parse cache for https://beyazgazete.com/rss/guncel.xml
Nis 30 13:54:59 MSI-MCC-L plasmashell[14037]: LogicController: Failed to parse cache for https://www.ntv.com.tr/son-dakika.rss
Nis 30 13:54:59 MSI-MCC-L plasmashell[14037]: LogicController: Failed to parse cache for https://www.hurriyet.com.tr/rss/anasayfa
Nis 30 13:55:57 MSI-MCC-L plasmashell[14037]: LogicController: Failed to parse cache for https://teknoseyir.com/feed
Nis 30 13:55:58 MSI-MCC-L plasmashell[14037]: LogicController: Failed to parse cache for https://www.sozcu.com.tr/feeds-haberler
Nis 30 13:55:58 MSI-MCC-L plasmashell[14037]: LogicController: Failed to parse cache for https://www.cnnturk.com/feed/rss/all/news
Nis 30 13:55:58 MSI-MCC-L plasmashell[14037]: LogicController: Failed to parse cache for https://beyazgazete.com/rss/guncel.xml
Nis 30 13:55:58 MSI-MCC-L plasmashell[14037]: LogicController: Failed to parse cache for https://www.ntv.com.tr/son-dakika.rss
Nis 30 13:55:58 MSI-MCC-L plasmashell[14037]: LogicController: Failed to parse cache for https://www.hurriyet.com.tr/rss/anasayfa
Nis 30 13:56:56 MSI-MCC-L plasmashell[14037]: LogicController: Failed to parse cache for https://teknoseyir.com/feed
Nis 30 13:56:56 MSI-MCC-L plasmashell[14037]: LogicController: Failed to parse cache for https://www.sozcu.com.tr/feeds-haberler
Nis 30 13:56:56 MSI-MCC-L plasmashell[14037]: LogicController: Failed to parse cache for https://www.cnnturk.com/feed/rss/all/news
Nis 30 13:56:56 MSI-MCC-L plasmashell[14037]: LogicController: Failed to parse cache for https://beyazgazete.com/rss/guncel.xml
Nis 30 13:56:56 MSI-MCC-L plasmashell[14037]: LogicController: Failed to parse cache for https://www.ntv.com.tr/son-dakika.rss
Nis 30 13:56:57 MSI-MCC-L plasmashell[14037]: LogicController: Failed to parse cache for https://www.hurriyet.com.tr/rss/anasayfa
Nis 30 13:57:55 MSI-MCC-L plasmashell[14037]: LogicController: Failed to parse cache for https://teknoseyir.com/feed
Nis 30 13:57:55 MSI-MCC-L plasmashell[14037]: LogicController: Failed to parse cache for https://www.sozcu.com.tr/feeds-haberler
Nis 30 13:57:55 MSI-MCC-L plasmashell[14037]: LogicController: Failed to parse cache for https://www.cnnturk.com/feed/rss/all/news
Nis 30 13:57:55 MSI-MCC-L plasmashell[14037]: LogicController: Failed to parse cache for https://beyazgazete.com/rss/guncel.xml
Nis 30 13:57:55 MSI-MCC-L plasmashell[14037]: LogicController: Failed to parse cache for https://www.ntv.com.tr/son-dakika.rss
Nis 30 13:57:55 MSI-MCC-L plasmashell[14037]: LogicController: Failed to parse cache for https://www.hurriyet.com.tr/rss/anasayfa
Nis 30 13:58:54 MSI-MCC-L plasmashell[14037]: LogicController: Failed to parse cache for https://teknoseyir.com/feed
Nis 30 13:58:54 MSI-MCC-L plasmashell[14037]: LogicController: Failed to parse cache for https://www.sozcu.com.tr/feeds-haberler
Nis 30 13:58:54 MSI-MCC-L plasmashell[14037]: LogicController: Failed to parse cache for https://www.cnnturk.com/feed/rss/all/news
Nis 30 13:58:54 MSI-MCC-L plasmashell[14037]: LogicController: Failed to parse cache for https://beyazgazete.com/rss/guncel.xml
Nis 30 13:58:54 MSI-MCC-L plasmashell[14037]: LogicController: Failed to parse cache for https://www.ntv.com.tr/son-dakika.rss
Nis 30 13:58:54 MSI-MCC-L plasmashell[14037]: LogicController: Failed to parse cache for https://www.hurriyet.com.tr/rss/anasayfa
Nis 30 13:59:53 MSI-MCC-L plasmashell[14037]: LogicController: Failed to parse cache for https://teknoseyir.com/feed
Nis 30 13:59:53 MSI-MCC-L plasmashell[14037]: LogicController: Failed to parse cache for https://www.sozcu.com.tr/feeds-haberler
Nis 30 13:59:53 MSI-MCC-L plasmashell[14037]: LogicController: Failed to parse cache for https://www.cnnturk.com/feed/rss/all/news
Nis 30 13:59:53 MSI-MCC-L plasmashell[14037]: LogicController: Failed to parse cache for https://beyazgazete.com/rss/guncel.xml
Nis 30 13:59:53 MSI-MCC-L plasmashell[14037]: LogicController: Failed to parse cache for https://www.ntv.com.tr/son-dakika.rss
Nis 30 13:59:53 MSI-MCC-L plasmashell[14037]: LogicController: Failed to parse cache for https://www.hurriyet.com.tr/rss/anasayfa
Nis 30 14:00:35 MSI-MCC-L plasmashell[14037]: Detected location from IP: Salihli
Nis 30 14:00:35 MSI-MCC-L plasmashell[14037]: Fetching weather using provider: openmeteo, days: 12
Nis 30 14:00:52 MSI-MCC-L plasmashell[14037]: LogicController: Failed to parse cache for https://teknoseyir.com/feed
Nis 30 14:00:52 MSI-MCC-L plasmashell[14037]: LogicController: Failed to parse cache for https://www.sozcu.com.tr/feeds-haberler
Nis 30 14:00:52 MSI-MCC-L plasmashell[14037]: LogicController: Failed to parse cache for https://www.cnnturk.com/feed/rss/all/news
Nis 30 14:00:52 MSI-MCC-L plasmashell[14037]: LogicController: Failed to parse cache for https://beyazgazete.com/rss/guncel.xml
Nis 30 14:00:52 MSI-MCC-L plasmashell[14037]: LogicController: Failed to parse cache for https://www.ntv.com.tr/son-dakika.rss
Nis 30 14:00:52 MSI-MCC-L plasmashell[14037]: LogicController: Failed to parse cache for https://www.hurriyet.com.tr/rss/anasayfa
Nis 30 14:01:51 MSI-MCC-L plasmashell[14037]: LogicController: Failed to parse cache for https://teknoseyir.com/feed
Nis 30 14:01:51 MSI-MCC-L plasmashell[14037]: LogicController: Failed to parse cache for https://www.sozcu.com.tr/feeds-haberler
Nis 30 14:01:51 MSI-MCC-L plasmashell[14037]: LogicController: Failed to parse cache for https://www.cnnturk.com/feed/rss/all/news
Nis 30 14:01:51 MSI-MCC-L plasmashell[14037]: LogicController: Failed to parse cache for https://beyazgazete.com/rss/guncel.xml
Nis 30 14:01:51 MSI-MCC-L plasmashell[14037]: LogicController: Failed to parse cache for https://www.ntv.com.tr/son-dakika.rss
Nis 30 14:01:51 MSI-MCC-L plasmashell[14037]: LogicController: Failed to parse cache for https://www.hurriyet.com.tr/rss/anasayfa
Nis 30 14:02:50 MSI-MCC-L plasmashell[14037]: LogicController: Failed to parse cache for https://teknoseyir.com/feed
Nis 30 14:02:50 MSI-MCC-L plasmashell[14037]: LogicController: Failed to parse cache for https://www.sozcu.com.tr/feeds-haberler
Nis 30 14:02:50 MSI-MCC-L plasmashell[14037]: LogicController: Failed to parse cache for https://www.cnnturk.com/feed/rss/all/news
Nis 30 14:02:50 MSI-MCC-L plasmashell[14037]: LogicController: Failed to parse cache for https://beyazgazete.com/rss/guncel.xml
Nis 30 14:02:50 MSI-MCC-L plasmashell[14037]: LogicController: Failed to parse cache for https://www.ntv.com.tr/son-dakika.rss
Nis 30 14:02:50 MSI-MCC-L plasmashell[14037]: LogicController: Failed to parse cache for https://www.hurriyet.com.tr/rss/anasayfa
Nis 30 14:03:49 MSI-MCC-L plasmashell[14037]: LogicController: Failed to parse cache for https://teknoseyir.com/feed
Nis 30 14:03:49 MSI-MCC-L plasmashell[14037]: LogicController: Failed to parse cache for https://www.sozcu.com.tr/feeds-haberler
Nis 30 14:03:49 MSI-MCC-L plasmashell[14037]: LogicController: Failed to parse cache for https://www.cnnturk.com/feed/rss/all/news
Nis 30 14:03:49 MSI-MCC-L plasmashell[14037]: LogicController: Failed to parse cache for https://beyazgazete.com/rss/guncel.xml
Nis 30 14:03:49 MSI-MCC-L plasmashell[14037]: LogicController: Failed to parse cache for https://www.ntv.com.tr/son-dakika.rss
Nis 30 14:03:49 MSI-MCC-L plasmashell[14037]: LogicController: Failed to parse cache for https://www.hurriyet.com.tr/rss/anasayfa
Nis 30 14:04:20 MSI-MCC-L kscreenlocker_greet[16695]: Member contentWidth of the object PopupList_QMLTYPE_125 overrides a member of the base object. Consider renaming it or adding final or override specifier
Nis 30 14:04:48 MSI-MCC-L plasmashell[14037]: LogicController: Failed to parse cache for https://teknoseyir.com/feed
Nis 30 14:04:48 MSI-MCC-L plasmashell[14037]: LogicController: Failed to parse cache for https://www.sozcu.com.tr/feeds-haberler
Nis 30 14:04:48 MSI-MCC-L plasmashell[14037]: LogicController: Failed to parse cache for https://www.cnnturk.com/feed/rss/all/news
Nis 30 14:04:48 MSI-MCC-L plasmashell[14037]: LogicController: Failed to parse cache for https://beyazgazete.com/rss/guncel.xml
Nis 30 14:04:48 MSI-MCC-L plasmashell[14037]: LogicController: Failed to parse cache for https://www.ntv.com.tr/son-dakika.rss
Nis 30 14:04:48 MSI-MCC-L plasmashell[14037]: LogicController: Failed to parse cache for https://www.hurriyet.com.tr/rss/anasayfa
Nis 30 14:05:47 MSI-MCC-L plasmashell[14037]: LogicController: Failed to parse cache for https://teknoseyir.com/feed
Nis 30 14:05:47 MSI-MCC-L plasmashell[14037]: LogicController: Failed to parse cache for https://www.sozcu.com.tr/feeds-haberler
Nis 30 14:05:47 MSI-MCC-L plasmashell[14037]: LogicController: Failed to parse cache for https://www.cnnturk.com/feed/rss/all/news
Nis 30 14:05:47 MSI-MCC-L plasmashell[14037]: LogicController: Failed to parse cache for https://beyazgazete.com/rss/guncel.xml
Nis 30 14:05:47 MSI-MCC-L plasmashell[14037]: LogicController: Failed to parse cache for https://www.ntv.com.tr/son-dakika.rss
Nis 30 14:05:47 MSI-MCC-L plasmashell[14037]: LogicController: Failed to parse cache for https://www.hurriyet.com.tr/rss/anasayfa
Nis 30 14:06:46 MSI-MCC-L plasmashell[14037]: LogicController: Failed to parse cache for https://teknoseyir.com/feed
Nis 30 14:06:46 MSI-MCC-L plasmashell[14037]: LogicController: Failed to parse cache for https://www.sozcu.com.tr/feeds-haberler
Nis 30 14:06:46 MSI-MCC-L plasmashell[14037]: LogicController: Failed to parse cache for https://www.cnnturk.com/feed/rss/all/news
Nis 30 14:06:46 MSI-MCC-L plasmashell[14037]: LogicController: Failed to parse cache for https://beyazgazete.com/rss/guncel.xml
Nis 30 14:06:46 MSI-MCC-L plasmashell[14037]: LogicController: Failed to parse cache for https://www.ntv.com.tr/son-dakika.rss
Nis 30 14:06:46 MSI-MCC-L plasmashell[14037]: LogicController: Failed to parse cache for https://www.hurriyet.com.tr/rss/anasayfa
Nis 30 14:07:45 MSI-MCC-L plasmashell[14037]: LogicController: Failed to parse cache for https://teknoseyir.com/feed
Nis 30 14:07:45 MSI-MCC-L plasmashell[14037]: LogicController: Failed to parse cache for https://www.sozcu.com.tr/feeds-haberler
Nis 30 14:07:45 MSI-MCC-L plasmashell[14037]: LogicController: Failed to parse cache for https://www.cnnturk.com/feed/rss/all/news
Nis 30 14:07:45 MSI-MCC-L plasmashell[14037]: LogicController: Failed to parse cache for https://beyazgazete.com/rss/guncel.xml
Nis 30 14:07:45 MSI-MCC-L plasmashell[14037]: LogicController: Failed to parse cache for https://www.ntv.com.tr/son-dakika.rss
Nis 30 14:07:45 MSI-MCC-L plasmashell[14037]: LogicController: Failed to parse cache for https://www.hurriyet.com.tr/rss/anasayfa
Nis 30 14:08:44 MSI-MCC-L plasmashell[14037]: LogicController: Failed to parse cache for https://teknoseyir.com/feed
Nis 30 14:08:45 MSI-MCC-L plasmashell[14037]: LogicController: Failed to parse cache for https://www.sozcu.com.tr/feeds-haberler
Nis 30 14:08:45 MSI-MCC-L plasmashell[14037]: LogicController: Failed to parse cache for https://www.cnnturk.com/feed/rss/all/news
Nis 30 14:08:45 MSI-MCC-L plasmashell[14037]: LogicController: Failed to parse cache for https://beyazgazete.com/rss/guncel.xml
Nis 30 14:08:45 MSI-MCC-L plasmashell[14037]: LogicController: Failed to parse cache for https://www.ntv.com.tr/son-dakika.rss
Nis 30 14:08:45 MSI-MCC-L plasmashell[14037]: LogicController: Failed to parse cache for https://www.hurriyet.com.tr/rss/anasayfa
Nis 30 14:09:45 MSI-MCC-L plasmashell[14037]: LogicController: Failed to parse cache for https://teknoseyir.com/feed
Nis 30 14:09:45 MSI-MCC-L plasmashell[14037]: LogicController: Failed to parse cache for https://www.sozcu.com.tr/feeds-haberler
Nis 30 14:09:45 MSI-MCC-L plasmashell[14037]: LogicController: Failed to parse cache for https://www.cnnturk.com/feed/rss/all/news
Nis 30 14:09:45 MSI-MCC-L plasmashell[14037]: LogicController: Failed to parse cache for https://beyazgazete.com/rss/guncel.xml
Nis 30 14:09:45 MSI-MCC-L plasmashell[14037]: LogicController: Failed to parse cache for https://www.ntv.com.tr/son-dakika.rss
Nis 30 14:09:45 MSI-MCC-L plasmashell[14037]: LogicController: Failed to parse cache for https://www.hurriyet.com.tr/rss/anasayfa
Nis 30 14:10:44 MSI-MCC-L plasmashell[14037]: LogicController: Failed to parse cache for https://teknoseyir.com/feed
Nis 30 14:10:45 MSI-MCC-L plasmashell[14037]: LogicController: Failed to parse cache for https://www.sozcu.com.tr/feeds-haberler
Nis 30 14:10:45 MSI-MCC-L plasmashell[14037]: LogicController: Failed to parse cache for https://www.cnnturk.com/feed/rss/all/news
Nis 30 14:10:45 MSI-MCC-L plasmashell[14037]: LogicController: Failed to parse cache for https://beyazgazete.com/rss/guncel.xml
Nis 30 14:10:45 MSI-MCC-L plasmashell[14037]: LogicController: Failed to parse cache for https://www.ntv.com.tr/son-dakika.rss
Nis 30 14:10:45 MSI-MCC-L plasmashell[14037]: LogicController: Failed to parse cache for https://www.hurriyet.com.tr/rss/anasayfa
Nis 30 14:11:44 MSI-MCC-L plasmashell[14037]: LogicController: Failed to parse cache for https://teknoseyir.com/feed
Nis 30 14:11:45 MSI-MCC-L plasmashell[14037]: LogicController: Failed to parse cache for https://www.sozcu.com.tr/feeds-haberler
Nis 30 14:11:45 MSI-MCC-L plasmashell[14037]: LogicController: Failed to parse cache for https://www.cnnturk.com/feed/rss/all/news
Nis 30 14:11:45 MSI-MCC-L plasmashell[14037]: LogicController: Failed to parse cache for https://beyazgazete.com/rss/guncel.xml
Nis 30 14:11:45 MSI-MCC-L plasmashell[14037]: LogicController: Failed to parse cache for https://www.ntv.com.tr/son-dakika.rss
Nis 30 14:11:45 MSI-MCC-L plasmashell[14037]: LogicController: Failed to parse cache for https://www.hurriyet.com.tr/rss/anasayfa
Nis 30 14:12:44 MSI-MCC-L plasmashell[14037]: LogicController: Failed to parse cache for https://teknoseyir.com/feed
Nis 30 14:12:45 MSI-MCC-L plasmashell[14037]: LogicController: Failed to parse cache for https://www.sozcu.com.tr/feeds-haberler
Nis 30 14:12:45 MSI-MCC-L plasmashell[14037]: LogicController: Failed to parse cache for https://www.cnnturk.com/feed/rss/all/news
Nis 30 14:12:45 MSI-MCC-L plasmashell[14037]: LogicController: Failed to parse cache for https://beyazgazete.com/rss/guncel.xml
Nis 30 14:12:45 MSI-MCC-L plasmashell[14037]: LogicController: Failed to parse cache for https://www.ntv.com.tr/son-dakika.rss
Nis 30 14:12:45 MSI-MCC-L plasmashell[14037]: LogicController: Failed to parse cache for https://www.hurriyet.com.tr/rss/anasayfa
Nis 30 14:13:44 MSI-MCC-L plasmashell[14037]: LogicController: Failed to parse cache for https://teknoseyir.com/feed
Nis 30 14:13:45 MSI-MCC-L plasmashell[14037]: LogicController: Failed to parse cache for https://www.sozcu.com.tr/feeds-haberler
Nis 30 14:13:45 MSI-MCC-L plasmashell[14037]: LogicController: Failed to parse cache for https://www.cnnturk.com/feed/rss/all/news
Nis 30 14:13:45 MSI-MCC-L plasmashell[14037]: LogicController: Failed to parse cache for https://beyazgazete.com/rss/guncel.xml
Nis 30 14:13:45 MSI-MCC-L plasmashell[14037]: LogicController: Failed to parse cache for https://www.ntv.com.tr/son-dakika.rss
Nis 30 14:13:45 MSI-MCC-L plasmashell[14037]: LogicController: Failed to parse cache for https://www.hurriyet.com.tr/rss/anasayfa
Nis 30 14:14:44 MSI-MCC-L plasmashell[14037]: LogicController: Failed to parse cache for https://teknoseyir.com/feed
Nis 30 14:14:45 MSI-MCC-L plasmashell[14037]: LogicController: Failed to parse cache for https://www.sozcu.com.tr/feeds-haberler
Nis 30 14:14:45 MSI-MCC-L plasmashell[14037]: LogicController: Failed to parse cache for https://www.cnnturk.com/feed/rss/all/news
Nis 30 14:14:45 MSI-MCC-L plasmashell[14037]: LogicController: Failed to parse cache for https://beyazgazete.com/rss/guncel.xml
Nis 30 14:14:45 MSI-MCC-L plasmashell[14037]: LogicController: Failed to parse cache for https://www.ntv.com.tr/son-dakika.rss
Nis 30 14:14:45 MSI-MCC-L plasmashell[14037]: LogicController: Failed to parse cache for https://www.hurriyet.com.tr/rss/anasayfa
Nis 30 14:15:44 MSI-MCC-L plasmashell[14037]: LogicController: Failed to parse cache for https://teknoseyir.com/feed
Nis 30 14:15:45 MSI-MCC-L plasmashell[14037]: LogicController: Failed to parse cache for https://www.sozcu.com.tr/feeds-haberler
Nis 30 14:15:45 MSI-MCC-L plasmashell[14037]: LogicController: Failed to parse cache for https://www.cnnturk.com/feed/rss/all/news
Nis 30 14:15:45 MSI-MCC-L plasmashell[14037]: LogicController: Failed to parse cache for https://beyazgazete.com/rss/guncel.xml
Nis 30 14:15:45 MSI-MCC-L plasmashell[14037]: LogicController: Failed to parse cache for https://www.ntv.com.tr/son-dakika.rss
Nis 30 14:15:45 MSI-MCC-L plasmashell[14037]: LogicController: Failed to parse cache for https://www.hurriyet.com.tr/rss/anasayfa
Nis 30 14:16:44 MSI-MCC-L plasmashell[14037]: LogicController: Failed to parse cache for https://teknoseyir.com/feed
Nis 30 14:16:45 MSI-MCC-L plasmashell[14037]: LogicController: Failed to parse cache for https://www.sozcu.com.tr/feeds-haberler
Nis 30 14:16:45 MSI-MCC-L plasmashell[14037]: LogicController: Failed to parse cache for https://www.cnnturk.com/feed/rss/all/news
Nis 30 14:16:45 MSI-MCC-L plasmashell[14037]: LogicController: Failed to parse cache for https://beyazgazete.com/rss/guncel.xml
Nis 30 14:16:45 MSI-MCC-L plasmashell[14037]: LogicController: Failed to parse cache for https://www.ntv.com.tr/son-dakika.rss
Nis 30 14:16:45 MSI-MCC-L plasmashell[14037]: LogicController: Failed to parse cache for https://www.hurriyet.com.tr/rss/anasayfa
Nis 30 14:17:44 MSI-MCC-L plasmashell[14037]: LogicController: Failed to parse cache for https://teknoseyir.com/feed
Nis 30 14:17:45 MSI-MCC-L plasmashell[14037]: LogicController: Failed to parse cache for https://www.sozcu.com.tr/feeds-haberler
Nis 30 14:17:45 MSI-MCC-L plasmashell[14037]: LogicController: Failed to parse cache for https://www.cnnturk.com/feed/rss/all/news
Nis 30 14:17:45 MSI-MCC-L plasmashell[14037]: LogicController: Failed to parse cache for https://beyazgazete.com/rss/guncel.xml
Nis 30 14:17:45 MSI-MCC-L plasmashell[14037]: LogicController: Failed to parse cache for https://www.ntv.com.tr/son-dakika.rss
Nis 30 14:17:45 MSI-MCC-L plasmashell[14037]: LogicController: Failed to parse cache for https://www.hurriyet.com.tr/rss/anasayfa
Nis 30 14:18:07 MSI-MCC-L kscreenlocker_greet[18699]: Member contentWidth of the object PopupList_QMLTYPE_131 overrides a member of the base object. Consider renaming it or adding final or override specifier
Nis 30 14:18:44 MSI-MCC-L plasmashell[14037]: LogicController: Failed to parse cache for https://teknoseyir.com/feed
Nis 30 14:18:45 MSI-MCC-L plasmashell[14037]: LogicController: Failed to parse cache for https://www.sozcu.com.tr/feeds-haberler
Nis 30 14:18:45 MSI-MCC-L plasmashell[14037]: LogicController: Failed to parse cache for https://www.cnnturk.com/feed/rss/all/news
Nis 30 14:18:45 MSI-MCC-L plasmashell[14037]: LogicController: Failed to parse cache for https://beyazgazete.com/rss/guncel.xml
Nis 30 14:18:45 MSI-MCC-L plasmashell[14037]: LogicController: Failed to parse cache for https://www.ntv.com.tr/son-dakika.rss
Nis 30 14:18:45 MSI-MCC-L plasmashell[14037]: LogicController: Failed to parse cache for https://www.hurriyet.com.tr/rss/anasayfa
Nis 30 14:19:44 MSI-MCC-L plasmashell[14037]: LogicController: Failed to parse cache for https://teknoseyir.com/feed
Nis 30 14:19:45 MSI-MCC-L plasmashell[14037]: LogicController: Failed to parse cache for https://www.sozcu.com.tr/feeds-haberler
Nis 30 14:19:45 MSI-MCC-L plasmashell[14037]: LogicController: Failed to parse cache for https://www.cnnturk.com/feed/rss/all/news
Nis 30 14:19:45 MSI-MCC-L plasmashell[14037]: LogicController: Failed to parse cache for https://beyazgazete.com/rss/guncel.xml
Nis 30 14:19:45 MSI-MCC-L plasmashell[14037]: LogicController: Failed to parse cache for https://www.ntv.com.tr/son-dakika.rss
Nis 30 14:19:45 MSI-MCC-L plasmashell[14037]: LogicController: Failed to parse cache for https://www.hurriyet.com.tr/rss/anasayfa
Nis 30 14:20:44 MSI-MCC-L plasmashell[14037]: LogicController: Failed to parse cache for https://teknoseyir.com/feed
Nis 30 14:20:45 MSI-MCC-L plasmashell[14037]: LogicController: Failed to parse cache for https://www.sozcu.com.tr/feeds-haberler
Nis 30 14:20:45 MSI-MCC-L plasmashell[14037]: LogicController: Failed to parse cache for https://www.cnnturk.com/feed/rss/all/news
Nis 30 14:20:45 MSI-MCC-L plasmashell[14037]: LogicController: Failed to parse cache for https://beyazgazete.com/rss/guncel.xml
Nis 30 14:20:45 MSI-MCC-L plasmashell[14037]: LogicController: Failed to parse cache for https://www.ntv.com.tr/son-dakika.rss
Nis 30 14:20:45 MSI-MCC-L plasmashell[14037]: LogicController: Failed to parse cache for https://www.hurriyet.com.tr/rss/anasayfa
Nis 30 14:21:44 MSI-MCC-L plasmashell[14037]: LogicController: Failed to parse cache for https://teknoseyir.com/feed
Nis 30 14:21:45 MSI-MCC-L plasmashell[14037]: LogicController: Failed to parse cache for https://www.sozcu.com.tr/feeds-haberler
Nis 30 14:21:45 MSI-MCC-L plasmashell[14037]: LogicController: Failed to parse cache for https://www.cnnturk.com/feed/rss/all/news
Nis 30 14:21:45 MSI-MCC-L plasmashell[14037]: LogicController: Failed to parse cache for https://beyazgazete.com/rss/guncel.xml
Nis 30 14:21:45 MSI-MCC-L plasmashell[14037]: LogicController: Failed to parse cache for https://www.ntv.com.tr/son-dakika.rss
Nis 30 14:21:45 MSI-MCC-L plasmashell[14037]: LogicController: Failed to parse cache for https://www.hurriyet.com.tr/rss/anasayfa
Nis 30 14:22:44 MSI-MCC-L plasmashell[14037]: LogicController: Failed to parse cache for https://teknoseyir.com/feed
Nis 30 14:22:45 MSI-MCC-L plasmashell[14037]: LogicController: Failed to parse cache for https://www.sozcu.com.tr/feeds-haberler
Nis 30 14:22:45 MSI-MCC-L plasmashell[14037]: LogicController: Failed to parse cache for https://www.cnnturk.com/feed/rss/all/news
Nis 30 14:22:45 MSI-MCC-L plasmashell[14037]: LogicController: Failed to parse cache for https://beyazgazete.com/rss/guncel.xml
Nis 30 14:22:45 MSI-MCC-L plasmashell[14037]: LogicController: Failed to parse cache for https://www.ntv.com.tr/son-dakika.rss
Nis 30 14:22:45 MSI-MCC-L plasmashell[14037]: LogicController: Failed to parse cache for https://www.hurriyet.com.tr/rss/anasayfa
Nis 30 14:23:44 MSI-MCC-L plasmashell[14037]: LogicController: Failed to parse cache for https://teknoseyir.com/feed
Nis 30 14:23:45 MSI-MCC-L plasmashell[14037]: LogicController: Failed to parse cache for https://www.sozcu.com.tr/feeds-haberler
Nis 30 14:23:45 MSI-MCC-L plasmashell[14037]: LogicController: Failed to parse cache for https://www.cnnturk.com/feed/rss/all/news
Nis 30 14:23:45 MSI-MCC-L plasmashell[14037]: LogicController: Failed to parse cache for https://beyazgazete.com/rss/guncel.xml
Nis 30 14:23:45 MSI-MCC-L plasmashell[14037]: LogicController: Failed to parse cache for https://www.ntv.com.tr/son-dakika.rss
Nis 30 14:23:45 MSI-MCC-L plasmashell[14037]: LogicController: Failed to parse cache for https://www.hurriyet.com.tr/rss/anasayfa
Nis 30 14:24:44 MSI-MCC-L plasmashell[14037]: LogicController: Failed to parse cache for https://teknoseyir.com/feed
Nis 30 14:24:45 MSI-MCC-L plasmashell[14037]: LogicController: Failed to parse cache for https://www.sozcu.com.tr/feeds-haberler
Nis 30 14:24:45 MSI-MCC-L plasmashell[14037]: LogicController: Failed to parse cache for https://www.cnnturk.com/feed/rss/all/news
Nis 30 14:24:45 MSI-MCC-L plasmashell[14037]: LogicController: Failed to parse cache for https://beyazgazete.com/rss/guncel.xml
Nis 30 14:24:45 MSI-MCC-L plasmashell[14037]: LogicController: Failed to parse cache for https://www.ntv.com.tr/son-dakika.rss
Nis 30 14:24:45 MSI-MCC-L plasmashell[14037]: LogicController: Failed to parse cache for https://www.hurriyet.com.tr/rss/anasayfa
Nis 30 14:25:44 MSI-MCC-L plasmashell[14037]: LogicController: Failed to parse cache for https://teknoseyir.com/feed
Nis 30 14:25:44 MSI-MCC-L plasmashell[14037]: LogicController: Failed to parse cache for https://www.sozcu.com.tr/feeds-haberler
Nis 30 14:25:45 MSI-MCC-L plasmashell[14037]: LogicController: Failed to parse cache for https://www.cnnturk.com/feed/rss/all/news
Nis 30 14:25:45 MSI-MCC-L plasmashell[14037]: LogicController: Failed to parse cache for https://beyazgazete.com/rss/guncel.xml
Nis 30 14:25:45 MSI-MCC-L plasmashell[14037]: LogicController: Failed to parse cache for https://www.ntv.com.tr/son-dakika.rss
Nis 30 14:25:45 MSI-MCC-L plasmashell[14037]: LogicController: Failed to parse cache for https://www.hurriyet.com.tr/rss/anasayfa
Nis 30 14:26:44 MSI-MCC-L plasmashell[14037]: LogicController: Failed to parse cache for https://teknoseyir.com/feed
Nis 30 14:26:44 MSI-MCC-L plasmashell[14037]: LogicController: Failed to parse cache for https://www.sozcu.com.tr/feeds-haberler
Nis 30 14:26:45 MSI-MCC-L plasmashell[14037]: LogicController: Failed to parse cache for https://www.cnnturk.com/feed/rss/all/news
Nis 30 14:26:45 MSI-MCC-L plasmashell[14037]: LogicController: Failed to parse cache for https://beyazgazete.com/rss/guncel.xml
Nis 30 14:26:45 MSI-MCC-L plasmashell[14037]: LogicController: Failed to parse cache for https://www.ntv.com.tr/son-dakika.rss
Nis 30 14:26:45 MSI-MCC-L plasmashell[14037]: LogicController: Failed to parse cache for https://www.hurriyet.com.tr/rss/anasayfa
Nis 30 14:27:44 MSI-MCC-L plasmashell[14037]: LogicController: Failed to parse cache for https://teknoseyir.com/feed
Nis 30 14:27:44 MSI-MCC-L plasmashell[14037]: LogicController: Failed to parse cache for https://www.sozcu.com.tr/feeds-haberler
Nis 30 14:27:45 MSI-MCC-L plasmashell[14037]: LogicController: Failed to parse cache for https://www.cnnturk.com/feed/rss/all/news
Nis 30 14:27:45 MSI-MCC-L plasmashell[14037]: LogicController: Failed to parse cache for https://beyazgazete.com/rss/guncel.xml
Nis 30 14:27:45 MSI-MCC-L plasmashell[14037]: LogicController: Failed to parse cache for https://www.ntv.com.tr/son-dakika.rss
Nis 30 14:27:45 MSI-MCC-L plasmashell[14037]: LogicController: Failed to parse cache for https://www.hurriyet.com.tr/rss/anasayfa
Nis 30 14:28:44 MSI-MCC-L plasmashell[14037]: LogicController: Failed to parse cache for https://teknoseyir.com/feed
Nis 30 14:28:44 MSI-MCC-L plasmashell[14037]: LogicController: Failed to parse cache for https://www.sozcu.com.tr/feeds-haberler
Nis 30 14:28:45 MSI-MCC-L plasmashell[14037]: LogicController: Failed to parse cache for https://www.cnnturk.com/feed/rss/all/news
Nis 30 14:28:45 MSI-MCC-L plasmashell[14037]: LogicController: Failed to parse cache for https://beyazgazete.com/rss/guncel.xml
Nis 30 14:28:45 MSI-MCC-L plasmashell[14037]: LogicController: Failed to parse cache for https://www.ntv.com.tr/son-dakika.rss
Nis 30 14:28:45 MSI-MCC-L plasmashell[14037]: LogicController: Failed to parse cache for https://www.hurriyet.com.tr/rss/anasayfa
Nis 30 14:29:44 MSI-MCC-L plasmashell[14037]: LogicController: Failed to parse cache for https://teknoseyir.com/feed
Nis 30 14:29:44 MSI-MCC-L plasmashell[14037]: LogicController: Failed to parse cache for https://www.sozcu.com.tr/feeds-haberler
Nis 30 14:29:45 MSI-MCC-L plasmashell[14037]: LogicController: Failed to parse cache for https://www.cnnturk.com/feed/rss/all/news
Nis 30 14:29:45 MSI-MCC-L plasmashell[14037]: LogicController: Failed to parse cache for https://beyazgazete.com/rss/guncel.xml
Nis 30 14:29:45 MSI-MCC-L plasmashell[14037]: LogicController: Failed to parse cache for https://www.ntv.com.tr/son-dakika.rss
Nis 30 14:29:45 MSI-MCC-L plasmashell[14037]: LogicController: Failed to parse cache for https://www.hurriyet.com.tr/rss/anasayfa
Nis 30 14:30:27 MSI-MCC-L plasmashell[14037]: Detected location from IP: Salihli
Nis 30 14:30:27 MSI-MCC-L plasmashell[14037]: Fetching weather using provider: openmeteo, days: 12
Nis 30 14:30:44 MSI-MCC-L plasmashell[14037]: LogicController: Failed to parse cache for https://teknoseyir.com/feed
Nis 30 14:30:44 MSI-MCC-L plasmashell[14037]: LogicController: Failed to parse cache for https://www.sozcu.com.tr/feeds-haberler
Nis 30 14:30:44 MSI-MCC-L plasmashell[14037]: LogicController: Failed to parse cache for https://www.cnnturk.com/feed/rss/all/news
Nis 30 14:30:44 MSI-MCC-L plasmashell[14037]: LogicController: Failed to parse cache for https://beyazgazete.com/rss/guncel.xml
Nis 30 14:30:44 MSI-MCC-L plasmashell[14037]: LogicController: Failed to parse cache for https://www.ntv.com.tr/son-dakika.rss
Nis 30 14:30:45 MSI-MCC-L plasmashell[14037]: LogicController: Failed to parse cache for https://www.hurriyet.com.tr/rss/anasayfa
Nis 30 14:31:44 MSI-MCC-L plasmashell[14037]: LogicController: Failed to parse cache for https://teknoseyir.com/feed
Nis 30 14:31:44 MSI-MCC-L plasmashell[14037]: LogicController: Failed to parse cache for https://www.sozcu.com.tr/feeds-haberler
Nis 30 14:31:44 MSI-MCC-L plasmashell[14037]: LogicController: Failed to parse cache for https://www.cnnturk.com/feed/rss/all/news
Nis 30 14:31:44 MSI-MCC-L plasmashell[14037]: LogicController: Failed to parse cache for https://beyazgazete.com/rss/guncel.xml
Nis 30 14:31:44 MSI-MCC-L plasmashell[14037]: LogicController: Failed to parse cache for https://www.ntv.com.tr/son-dakika.rss
Nis 30 14:31:44 MSI-MCC-L plasmashell[14037]: LogicController: Failed to parse cache for https://www.hurriyet.com.tr/rss/anasayfa
Nis 30 14:32:44 MSI-MCC-L plasmashell[14037]: LogicController: Failed to parse cache for https://teknoseyir.com/feed
Nis 30 14:32:44 MSI-MCC-L plasmashell[14037]: LogicController: Failed to parse cache for https://www.sozcu.com.tr/feeds-haberler
Nis 30 14:32:44 MSI-MCC-L plasmashell[14037]: LogicController: Failed to parse cache for https://www.cnnturk.com/feed/rss/all/news
Nis 30 14:32:44 MSI-MCC-L plasmashell[14037]: LogicController: Failed to parse cache for https://beyazgazete.com/rss/guncel.xml
Nis 30 14:32:44 MSI-MCC-L plasmashell[14037]: LogicController: Failed to parse cache for https://www.ntv.com.tr/son-dakika.rss
Nis 30 14:32:44 MSI-MCC-L plasmashell[14037]: LogicController: Failed to parse cache for https://www.hurriyet.com.tr/rss/anasayfa
Nis 30 14:33:44 MSI-MCC-L plasmashell[14037]: LogicController: Failed to parse cache for https://teknoseyir.com/feed
Nis 30 14:33:44 MSI-MCC-L plasmashell[14037]: LogicController: Failed to parse cache for https://www.sozcu.com.tr/feeds-haberler
Nis 30 14:33:44 MSI-MCC-L plasmashell[14037]: LogicController: Failed to parse cache for https://www.cnnturk.com/feed/rss/all/news
Nis 30 14:33:44 MSI-MCC-L plasmashell[14037]: LogicController: Failed to parse cache for https://beyazgazete.com/rss/guncel.xml
Nis 30 14:33:44 MSI-MCC-L plasmashell[14037]: LogicController: Failed to parse cache for https://www.ntv.com.tr/son-dakika.rss
Nis 30 14:33:44 MSI-MCC-L plasmashell[14037]: LogicController: Failed to parse cache for https://www.hurriyet.com.tr/rss/anasayfa
Nis 30 14:34:44 MSI-MCC-L plasmashell[14037]: LogicController: Failed to parse cache for https://teknoseyir.com/feed
Nis 30 14:34:44 MSI-MCC-L plasmashell[14037]: LogicController: Failed to parse cache for https://www.sozcu.com.tr/feeds-haberler
Nis 30 14:34:44 MSI-MCC-L plasmashell[14037]: LogicController: Failed to parse cache for https://www.cnnturk.com/feed/rss/all/news
Nis 30 14:34:44 MSI-MCC-L plasmashell[14037]: LogicController: Failed to parse cache for https://beyazgazete.com/rss/guncel.xml
Nis 30 14:34:44 MSI-MCC-L plasmashell[14037]: LogicController: Failed to parse cache for https://www.ntv.com.tr/son-dakika.rss
Nis 30 14:34:44 MSI-MCC-L plasmashell[14037]: LogicController: Failed to parse cache for https://www.hurriyet.com.tr/rss/anasayfa
Nis 30 14:35:44 MSI-MCC-L plasmashell[14037]: LogicController: Failed to parse cache for https://teknoseyir.com/feed
Nis 30 14:35:44 MSI-MCC-L plasmashell[14037]: LogicController: Failed to parse cache for https://www.sozcu.com.tr/feeds-haberler
Nis 30 14:35:44 MSI-MCC-L plasmashell[14037]: LogicController: Failed to parse cache for https://www.cnnturk.com/feed/rss/all/news
Nis 30 14:35:44 MSI-MCC-L plasmashell[14037]: LogicController: Failed to parse cache for https://beyazgazete.com/rss/guncel.xml
Nis 30 14:35:44 MSI-MCC-L plasmashell[14037]: LogicController: Failed to parse cache for https://www.ntv.com.tr/son-dakika.rss
Nis 30 14:35:44 MSI-MCC-L plasmashell[14037]: LogicController: Failed to parse cache for https://www.hurriyet.com.tr/rss/anasayfa
Nis 30 14:36:44 MSI-MCC-L plasmashell[14037]: LogicController: Failed to parse cache for https://teknoseyir.com/feed
Nis 30 14:36:44 MSI-MCC-L plasmashell[14037]: LogicController: Failed to parse cache for https://www.sozcu.com.tr/feeds-haberler
Nis 30 14:36:44 MSI-MCC-L plasmashell[14037]: LogicController: Failed to parse cache for https://www.cnnturk.com/feed/rss/all/news
Nis 30 14:36:44 MSI-MCC-L plasmashell[14037]: LogicController: Failed to parse cache for https://beyazgazete.com/rss/guncel.xml
Nis 30 14:36:44 MSI-MCC-L plasmashell[14037]: LogicController: Failed to parse cache for https://www.ntv.com.tr/son-dakika.rss
Nis 30 14:36:44 MSI-MCC-L plasmashell[14037]: LogicController: Failed to parse cache for https://www.hurriyet.com.tr/rss/anasayfa
Nis 30 14:37:44 MSI-MCC-L plasmashell[14037]: LogicController: Failed to parse cache for https://teknoseyir.com/feed
Nis 30 14:37:44 MSI-MCC-L plasmashell[14037]: LogicController: Failed to parse cache for https://www.sozcu.com.tr/feeds-haberler
Nis 30 14:37:44 MSI-MCC-L plasmashell[14037]: LogicController: Failed to parse cache for https://www.cnnturk.com/feed/rss/all/news
Nis 30 14:37:44 MSI-MCC-L plasmashell[14037]: LogicController: Failed to parse cache for https://beyazgazete.com/rss/guncel.xml
Nis 30 14:37:44 MSI-MCC-L plasmashell[14037]: LogicController: Failed to parse cache for https://www.ntv.com.tr/son-dakika.rss
Nis 30 14:37:44 MSI-MCC-L plasmashell[14037]: LogicController: Failed to parse cache for https://www.hurriyet.com.tr/rss/anasayfa
Nis 30 14:38:44 MSI-MCC-L plasmashell[14037]: LogicController: Failed to parse cache for https://teknoseyir.com/feed
Nis 30 14:38:44 MSI-MCC-L plasmashell[14037]: LogicController: Failed to parse cache for https://www.sozcu.com.tr/feeds-haberler
Nis 30 14:38:44 MSI-MCC-L plasmashell[14037]: LogicController: Failed to parse cache for https://www.cnnturk.com/feed/rss/all/news
Nis 30 14:38:44 MSI-MCC-L plasmashell[14037]: LogicController: Failed to parse cache for https://beyazgazete.com/rss/guncel.xml
Nis 30 14:38:44 MSI-MCC-L plasmashell[14037]: LogicController: Failed to parse cache for https://www.ntv.com.tr/son-dakika.rss
Nis 30 14:38:44 MSI-MCC-L plasmashell[14037]: LogicController: Failed to parse cache for https://www.hurriyet.com.tr/rss/anasayfa
Nis 30 14:39:44 MSI-MCC-L plasmashell[14037]: LogicController: Failed to parse cache for https://teknoseyir.com/feed
Nis 30 14:39:44 MSI-MCC-L plasmashell[14037]: LogicController: Failed to parse cache for https://www.sozcu.com.tr/feeds-haberler
Nis 30 14:39:44 MSI-MCC-L plasmashell[14037]: LogicController: Failed to parse cache for https://www.cnnturk.com/feed/rss/all/news
Nis 30 14:39:44 MSI-MCC-L plasmashell[14037]: LogicController: Failed to parse cache for https://beyazgazete.com/rss/guncel.xml
Nis 30 14:39:44 MSI-MCC-L plasmashell[14037]: LogicController: Failed to parse cache for https://www.ntv.com.tr/son-dakika.rss
Nis 30 14:39:44 MSI-MCC-L plasmashell[14037]: LogicController: Failed to parse cache for https://www.hurriyet.com.tr/rss/anasayfa
Nis 30 14:40:43 MSI-MCC-L kscreenlocker_greet[38671]: Member contentWidth of the object PopupList_QMLTYPE_130 overrides a member of the base object. Consider renaming it or adding final or override specifier
Nis 30 14:40:44 MSI-MCC-L plasmashell[14037]: LogicController: Failed to parse cache for https://teknoseyir.com/feed
Nis 30 14:40:44 MSI-MCC-L plasmashell[14037]: LogicController: Failed to parse cache for https://www.sozcu.com.tr/feeds-haberler
Nis 30 14:40:44 MSI-MCC-L plasmashell[14037]: LogicController: Failed to parse cache for https://www.cnnturk.com/feed/rss/all/news
Nis 30 14:40:44 MSI-MCC-L plasmashell[14037]: LogicController: Failed to parse cache for https://beyazgazete.com/rss/guncel.xml
Nis 30 14:40:44 MSI-MCC-L plasmashell[14037]: LogicController: Failed to parse cache for https://www.ntv.com.tr/son-dakika.rss
Nis 30 14:40:44 MSI-MCC-L plasmashell[14037]: LogicController: Failed to parse cache for https://www.hurriyet.com.tr/rss/anasayfa
Nis 30 14:41:28 MSI-MCC-L plasmashell[14037]: file:///home/mcc45tr/.local/share/plasma/plasmoids/com.mcc45tr.filesearch/contents/ui/components/LogicController.qml:706: TypeError: undefined is not a function
Nis 30 14:41:44 MSI-MCC-L plasmashell[14037]: LogicController: Failed to parse cache for https://teknoseyir.com/feed
Nis 30 14:41:44 MSI-MCC-L plasmashell[14037]: LogicController: Failed to parse cache for https://www.sozcu.com.tr/feeds-haberler
Nis 30 14:41:44 MSI-MCC-L plasmashell[14037]: LogicController: Failed to parse cache for https://beyazgazete.com/rss/guncel.xml
Nis 30 14:41:44 MSI-MCC-L plasmashell[14037]: LogicController: Failed to parse cache for https://www.cnnturk.com/feed/rss/all/news
Nis 30 14:41:44 MSI-MCC-L plasmashell[14037]: LogicController: Failed to parse cache for https://www.ntv.com.tr/son-dakika.rss
Nis 30 14:41:44 MSI-MCC-L plasmashell[14037]: LogicController: Failed to parse cache for https://www.hurriyet.com.tr/rss/anasayfa
Nis 30 14:42:44 MSI-MCC-L plasmashell[14037]: LogicController: Failed to parse cache for https://teknoseyir.com/feed
Nis 30 14:42:44 MSI-MCC-L plasmashell[14037]: LogicController: Failed to parse cache for https://www.sozcu.com.tr/feeds-haberler
Nis 30 14:42:44 MSI-MCC-L plasmashell[14037]: LogicController: Failed to parse cache for https://www.cnnturk.com/feed/rss/all/news
Nis 30 14:42:44 MSI-MCC-L plasmashell[14037]: LogicController: Failed to parse cache for https://beyazgazete.com/rss/guncel.xml
Nis 30 14:42:44 MSI-MCC-L plasmashell[14037]: LogicController: Failed to parse cache for https://www.ntv.com.tr/son-dakika.rss
Nis 30 14:42:44 MSI-MCC-L plasmashell[14037]: LogicController: Failed to parse cache for https://www.hurriyet.com.tr/rss/anasayfa
Nis 30 14:43:44 MSI-MCC-L plasmashell[14037]: LogicController: Failed to parse cache for https://teknoseyir.com/feed
Nis 30 14:43:44 MSI-MCC-L plasmashell[14037]: LogicController: Failed to parse cache for https://www.sozcu.com.tr/feeds-haberler
Nis 30 14:43:44 MSI-MCC-L plasmashell[14037]: LogicController: Failed to parse cache for https://www.cnnturk.com/feed/rss/all/news
Nis 30 14:43:44 MSI-MCC-L plasmashell[14037]: LogicController: Failed to parse cache for https://beyazgazete.com/rss/guncel.xml
Nis 30 14:43:44 MSI-MCC-L plasmashell[14037]: LogicController: Failed to parse cache for https://www.ntv.com.tr/son-dakika.rss
Nis 30 14:43:44 MSI-MCC-L plasmashell[14037]: LogicController: Failed to parse cache for https://www.hurriyet.com.tr/rss/anasayfa
Nis 30 14:44:44 MSI-MCC-L plasmashell[14037]: LogicController: Failed to parse cache for https://teknoseyir.com/feed
Nis 30 14:44:44 MSI-MCC-L plasmashell[14037]: LogicController: Failed to parse cache for https://www.sozcu.com.tr/feeds-haberler
Nis 30 14:44:44 MSI-MCC-L plasmashell[14037]: LogicController: Failed to parse cache for https://www.cnnturk.com/feed/rss/all/news
Nis 30 14:44:44 MSI-MCC-L plasmashell[14037]: LogicController: Failed to parse cache for https://beyazgazete.com/rss/guncel.xml
Nis 30 14:44:44 MSI-MCC-L plasmashell[14037]: LogicController: Failed to parse cache for https://www.ntv.com.tr/son-dakika.rss
Nis 30 14:44:44 MSI-MCC-L plasmashell[14037]: LogicController: Failed to parse cache for https://www.hurriyet.com.tr/rss/anasayfa
Nis 30 14:45:44 MSI-MCC-L plasmashell[14037]: LogicController: Failed to parse cache for https://teknoseyir.com/feed
Nis 30 14:45:44 MSI-MCC-L plasmashell[14037]: LogicController: Failed to parse cache for https://www.sozcu.com.tr/feeds-haberler
Nis 30 14:45:44 MSI-MCC-L plasmashell[14037]: LogicController: Failed to parse cache for https://www.cnnturk.com/feed/rss/all/news
Nis 30 14:45:44 MSI-MCC-L plasmashell[14037]: LogicController: Failed to parse cache for https://beyazgazete.com/rss/guncel.xml
Nis 30 14:45:44 MSI-MCC-L plasmashell[14037]: LogicController: Failed to parse cache for https://www.ntv.com.tr/son-dakika.rss
Nis 30 14:45:44 MSI-MCC-L plasmashell[14037]: LogicController: Failed to parse cache for https://www.hurriyet.com.tr/rss/anasayfa
Nis 30 14:46:44 MSI-MCC-L plasmashell[14037]: LogicController: Failed to parse cache for https://teknoseyir.com/feed
Nis 30 14:46:44 MSI-MCC-L plasmashell[14037]: LogicController: Failed to parse cache for https://www.sozcu.com.tr/feeds-haberler
Nis 30 14:46:44 MSI-MCC-L plasmashell[14037]: LogicController: Failed to parse cache for https://beyazgazete.com/rss/guncel.xml
Nis 30 14:46:44 MSI-MCC-L plasmashell[14037]: LogicController: Failed to parse cache for https://www.cnnturk.com/feed/rss/all/news
Nis 30 14:46:44 MSI-MCC-L plasmashell[14037]: LogicController: Failed to parse cache for https://www.ntv.com.tr/son-dakika.rss
Nis 30 14:46:44 MSI-MCC-L plasmashell[14037]: LogicController: Failed to parse cache for https://www.hurriyet.com.tr/rss/anasayfa
Nis 30 14:47:44 MSI-MCC-L plasmashell[14037]: LogicController: Failed to parse cache for https://teknoseyir.com/feed
Nis 30 14:47:44 MSI-MCC-L plasmashell[14037]: LogicController: Failed to parse cache for https://www.sozcu.com.tr/feeds-haberler
Nis 30 14:47:44 MSI-MCC-L plasmashell[14037]: LogicController: Failed to parse cache for https://www.cnnturk.com/feed/rss/all/news
Nis 30 14:47:44 MSI-MCC-L plasmashell[14037]: LogicController: Failed to parse cache for https://beyazgazete.com/rss/guncel.xml
Nis 30 14:47:44 MSI-MCC-L plasmashell[14037]: LogicController: Failed to parse cache for https://www.ntv.com.tr/son-dakika.rss
Nis 30 14:47:44 MSI-MCC-L plasmashell[14037]: LogicController: Failed to parse cache for https://www.hurriyet.com.tr/rss/anasayfa
Nis 30 14:48:44 MSI-MCC-L plasmashell[14037]: LogicController: Failed to parse cache for https://teknoseyir.com/feed
Nis 30 14:48:44 MSI-MCC-L plasmashell[14037]: LogicController: Failed to parse cache for https://www.sozcu.com.tr/feeds-haberler
Nis 30 14:48:44 MSI-MCC-L plasmashell[14037]: LogicController: Failed to parse cache for https://www.cnnturk.com/feed/rss/all/news
Nis 30 14:48:44 MSI-MCC-L plasmashell[14037]: LogicController: Failed to parse cache for https://beyazgazete.com/rss/guncel.xml
Nis 30 14:48:44 MSI-MCC-L plasmashell[14037]: LogicController: Failed to parse cache for https://www.ntv.com.tr/son-dakika.rss
Nis 30 14:48:44 MSI-MCC-L plasmashell[14037]: LogicController: Failed to parse cache for https://www.hurriyet.com.tr/rss/anasayfa
Nis 30 14:49:47 MSI-MCC-L systemd-coredump[48918]: Process 14037 (plasmashell) of user 1000 dumped core.
                                                   #0  0x00007fddf27b8651 _ZN3QV46Object12insertMemberEPNS_14StringOrSymbolEPKNS_8PropertyENS_18PropertyAttributesE (libQt6Qml.so.6 + 0x1b8651)
                                                   #1  0x00007fddf273db46 n/a (libQt6Qml.so.6 + 0x13db46)
                                                   #2  0x00007fddf27bfdb3 _ZN3QV46Object11internalPutENS_11PropertyKeyERKNS_5ValueEPS2_ (libQt6Qml.so.6 + 0x1bfdb3)
                                                   #3  0x00007fddf27bfbf8 _ZN3QV46Object11internalPutENS_11PropertyKeyERKNS_5ValueEPS2_ (libQt6Qml.so.6 + 0x1bfbf8)
                                                   #4  0x00007fddf280080b n/a (libQt6Qml.so.6 + 0x20080b)
                                                   #5  0x00007fddf2800929 _ZN3QV47Runtime12StoreElement4callEPNS_15ExecutionEngineERKNS_5ValueES6_S6_ (libQt6Qml.so.6 + 0x200929)
                                                   #7  0x00007fddf28474f4 n/a (libQt6Qml.so.6 + 0x2474f4)
                                                   #8  0x00007fddf27a0524 n/a (libQt6Qml.so.6 + 0x1a0524)
                                                   #9  0x00007fddf28075b2 _ZN3QV47Runtime28CallQmlContextPropertyLookup4callEPNS_15ExecutionEngineEjPNS_5ValueEi (libQt6Qml.so.6 + 0x2075b2)
                                                   #11 0x00007fddf28474f4 n/a (libQt6Qml.so.6 + 0x2474f4)
                                                   #12 0x00007fddf2792400 n/a (libQt6Qml.so.6 + 0x192400)
                                                   #13 0x00007fddf2798609 _ZN3QV48Function4callEP7QObjectPPvPK9QMetaTypeiPNS_16ExecutionContextE (libQt6Qml.so.6 + 0x198609)
                                                   #14 0x00007fddf28ef43a _ZN24QQmlJavaScriptExpression8evaluateEPPvPK9QMetaTypei (libQt6Qml.so.6 + 0x2ef43a)
                                                   #15 0x00007fddf2881cc3 _ZN25QQmlBoundSignalExpression8evaluateEPPv (libQt6Qml.so.6 + 0x281cc3)
                                                   #16 0x00007fddf2887040 n/a (libQt6Qml.so.6 + 0x287040)
                                                   #17 0x00007fddf29125d2 _ZN12QQmlNotifier10emitNotifyEP20QQmlNotifierEndpointPPv (libQt6Qml.so.6 + 0x3125d2)
                                                   #19 0x00007fddeff5b8d2 _ZN9QQmlTimer6tickedEv (libQt6QmlMeta.so.6 + 0x1f8d2)
                                                   #20 0x00007fddeff5b98c _ZN9QQmlTimer5eventEP6QEvent (libQt6QmlMeta.so.6 + 0x1f98c)
                                                   #21 0x00007fddf37023a9 _ZN19QApplicationPrivate13notify_helperEP7QObjectP6QEvent (libQt6Widgets.so.6 + 0x1023a9)
                                                   #31 0x000056196417adf4 n/a (/usr/bin/plasmashell + 0x27df4)
                                                   #34 0x000056196417b4f5 n/a (/usr/bin/plasmashell + 0x284f5)
Nis 30 14:49:48 MSI-MCC-L systemd[1744]: plasma-plasmashell.service: Main process exited, code=dumped, status=11/SEGV
Nis 30 14:49:48 MSI-MCC-L systemd[1744]: plasma-plasmashell.service: Failed with result 'core-dump'.
Nis 30 14:49:48 MSI-MCC-L systemd[1744]: plasma-plasmashell.service: Consumed 8min 41.189s CPU time over 56min 11.768s wall clock time, 503.3M memory peak.
Nis 30 14:49:48 MSI-MCC-L systemd[1744]: plasma-plasmashell.service: Scheduled restart job, restart counter is at 2.
Nis 30 14:49:48 MSI-MCC-L plasmashell[48946]: The theme "lightly-plasma-v4" uses the legacy metadata.desktop. Consider contacting the author and asking them update it to use the newer JSON format.
Nis 30 14:49:48 MSI-MCC-L plasmashell[48946]: The theme "lightly-plasma-v4" uses the legacy metadata.desktop. Consider contacting the author and asking them update it to use the newer JSON format.
Nis 30 14:49:48 MSI-MCC-L plasmashell[48946]: The theme "lightly-plasma-v4" uses the legacy metadata.desktop. Consider contacting the author and asking them update it to use the newer JSON format.
Nis 30 14:49:48 MSI-MCC-L plasmashell[48946]: Could not find required file "mainscript" for package "/usr/share/plasma/plasmoids/org.kde.plasma.icontasks/" should be QList("ui/main.qml")
Nis 30 14:49:49 MSI-MCC-L plasmashell[48946]: Member visible of the object PlasmaQuick::Dialog overrides a member of the base object. Consider renaming it or adding final or override specifier
Nis 30 14:49:49 MSI-MCC-L plasmashell[48946]: The theme "lightly-plasma-v4" uses the legacy metadata.desktop. Consider contacting the author and asking them update it to use the newer JSON format.
Nis 30 14:49:49 MSI-MCC-L plasmashell[48946]: Member enabled of the object DeclarativeDropArea overrides a member of the base object. Consider renaming it or adding final or override specifier
Nis 30 14:49:49 MSI-MCC-L plasmashell[48946]: Member enabled of the object NotificationManager_QMLTYPE_191 overrides a member of the base object. Consider renaming it or adding final or override specifier
Nis 30 14:49:52 MSI-MCC-L plasmashell[48946]: BootDataManager: Component completed. Cache size: 950
Nis 30 14:49:52 MSI-MCC-L plasmashell[48946]: BootDataManager: Loading from cache (limine)
Nis 30 14:49:52 MSI-MCC-L plasmashell[48946]: FileSearch: LogicController initialized
Nis 30 14:49:53 MSI-MCC-L plasmashell[48946]: file:///home/mcc45tr/.local/share/plasma/plasmoids/com.mcc45tr.musicplayer/contents/ui/modes/PanelMode.qml:282:25: QML Binding: Binding loop detected for property "value":
                                              file:///home/mcc45tr/.local/share/plasma/plasmoids/com.mcc45tr.musicplayer/contents/ui/modes/PanelMode.qml:285:29
Nis 30 14:49:54 MSI-MCC-L plasmashell[48946]: BootDataManager: New Data from sh "/home/mcc45tr/.local/share/plasma/plasmoids/com.mcc45tr.mselectivereboot/contents/tools/find_windows_mount.sh"
Nis 30 14:49:54 MSI-MCC-L plasmashell[48946]: BootDataManager: Data keys: exit code, exit status, stderr, stdout
Nis 30 14:49:54 MSI-MCC-L plasmashell[48946]: BootDataManager: Received Windows Version
Nis 30 14:49:54 MSI-MCC-L plasmashell[48946]: LogicController: Failed to parse cache for https://teknoseyir.com/feed
Nis 30 14:49:54 MSI-MCC-L plasmashell[48946]: LogicController: Failed to parse cache for https://www.sozcu.com.tr/feeds-haberler
Nis 30 14:49:54 MSI-MCC-L plasmashell[48946]: LogicController: Failed to parse cache for https://www.cnnturk.com/feed/rss/all/news
Nis 30 14:49:54 MSI-MCC-L plasmashell[48946]: LogicController: Failed to parse cache for https://beyazgazete.com/rss/guncel.xml
Nis 30 14:49:54 MSI-MCC-L plasmashell[48946]: LogicController: Failed to parse cache for https://www.ntv.com.tr/son-dakika.rss
Nis 30 14:49:54 MSI-MCC-L plasmashell[48946]: LogicController: Failed to parse cache for https://www.hurriyet.com.tr/rss/anasayfa
Nis 30 14:49:55 MSI-MCC-L plasmashell[48946]: qrc:/qt/qml/plasma/applet/org/kde/plasma/brightness/PopupDialog.qml:96: TypeError: Value is null and could not be converted to an object
Nis 30 14:49:56 MSI-MCC-L plasmashell[48946]: Connecting to deprecated signal QDBusConnectionInterface::serviceOwnerChanged(QString,QString,QString)
Nis 30 14:50:10 MSI-MCC-L plasmashell[48946]: LogicController: Failed to parse cache for https://teknoseyir.com/feed
Nis 30 14:50:10 MSI-MCC-L plasmashell[48946]: LogicController: Failed to parse cache for https://www.sozcu.com.tr/feeds-haberler
Nis 30 14:50:10 MSI-MCC-L plasmashell[48946]: LogicController: Failed to parse cache for https://www.cnnturk.com/feed/rss/all/news
Nis 30 14:50:10 MSI-MCC-L plasmashell[48946]: LogicController: Failed to parse cache for https://beyazgazete.com/rss/guncel.xml
Nis 30 14:50:10 MSI-MCC-L plasmashell[48946]: LogicController: Failed to parse cache for https://www.ntv.com.tr/son-dakika.rss
Nis 30 14:50:11 MSI-MCC-L plasmashell[48946]: LogicController: Failed to parse cache for https://www.hurriyet.com.tr/rss/anasayfa
Nis 30 14:51:06 MSI-MCC-L plasmashell[48946]: LogicController: Failed to parse cache for https://teknoseyir.com/feed
Nis 30 14:51:06 MSI-MCC-L plasmashell[48946]: LogicController: Failed to parse cache for https://www.sozcu.com.tr/feeds-haberler
Nis 30 14:51:06 MSI-MCC-L plasmashell[48946]: LogicController: Failed to parse cache for https://www.cnnturk.com/feed/rss/all/news
Nis 30 14:51:06 MSI-MCC-L plasmashell[48946]: LogicController: Failed to parse cache for https://beyazgazete.com/rss/guncel.xml
Nis 30 14:51:06 MSI-MCC-L plasmashell[48946]: LogicController: Failed to parse cache for https://www.ntv.com.tr/son-dakika.rss
Nis 30 14:51:07 MSI-MCC-L plasmashell[48946]: LogicController: Failed to parse cache for https://www.hurriyet.com.tr/rss/anasayfa
Nis 30 14:52:05 MSI-MCC-L plasmashell[48946]: LogicController: Failed to parse cache for https://teknoseyir.com/feed
Nis 30 14:52:05 MSI-MCC-L plasmashell[48946]: LogicController: Failed to parse cache for https://www.sozcu.com.tr/feeds-haberler
Nis 30 14:52:05 MSI-MCC-L plasmashell[48946]: LogicController: Failed to parse cache for https://www.cnnturk.com/feed/rss/all/news
Nis 30 14:52:05 MSI-MCC-L plasmashell[48946]: LogicController: Failed to parse cache for https://beyazgazete.com/rss/guncel.xml
Nis 30 14:52:05 MSI-MCC-L plasmashell[48946]: LogicController: Failed to parse cache for https://www.ntv.com.tr/son-dakika.rss
Nis 30 14:52:05 MSI-MCC-L plasmashell[48946]: LogicController: Failed to parse cache for https://www.hurriyet.com.tr/rss/anasayfa
Nis 30 14:53:04 MSI-MCC-L plasmashell[48946]: LogicController: Failed to parse cache for https://teknoseyir.com/feed
Nis 30 14:53:04 MSI-MCC-L plasmashell[48946]: LogicController: Failed to parse cache for https://www.sozcu.com.tr/feeds-haberler
Nis 30 14:53:04 MSI-MCC-L plasmashell[48946]: LogicController: Failed to parse cache for https://www.cnnturk.com/feed/rss/all/news
Nis 30 14:53:04 MSI-MCC-L plasmashell[48946]: LogicController: Failed to parse cache for https://beyazgazete.com/rss/guncel.xml
Nis 30 14:53:04 MSI-MCC-L plasmashell[48946]: LogicController: Failed to parse cache for https://www.ntv.com.tr/son-dakika.rss
Nis 30 14:53:04 MSI-MCC-L plasmashell[48946]: LogicController: Failed to parse cache for https://www.hurriyet.com.tr/rss/anasayfa
Nis 30 14:54:03 MSI-MCC-L plasmashell[48946]: LogicController: Failed to parse cache for https://teknoseyir.com/feed
Nis 30 14:54:03 MSI-MCC-L plasmashell[48946]: LogicController: Failed to parse cache for https://www.sozcu.com.tr/feeds-haberler
Nis 30 14:54:03 MSI-MCC-L plasmashell[48946]: LogicController: Failed to parse cache for https://www.cnnturk.com/feed/rss/all/news
Nis 30 14:54:03 MSI-MCC-L plasmashell[48946]: LogicController: Failed to parse cache for https://beyazgazete.com/rss/guncel.xml
Nis 30 14:54:03 MSI-MCC-L plasmashell[48946]: LogicController: Failed to parse cache for https://www.ntv.com.tr/son-dakika.rss
Nis 30 14:54:03 MSI-MCC-L plasmashell[48946]: LogicController: Failed to parse cache for https://www.hurriyet.com.tr/rss/anasayfa
Nis 30 14:55:02 MSI-MCC-L plasmashell[48946]: LogicController: Failed to parse cache for https://teknoseyir.com/feed
Nis 30 14:55:03 MSI-MCC-L plasmashell[48946]: LogicController: Failed to parse cache for https://www.sozcu.com.tr/feeds-haberler
Nis 30 14:55:03 MSI-MCC-L plasmashell[48946]: LogicController: Failed to parse cache for https://www.cnnturk.com/feed/rss/all/news
Nis 30 14:55:03 MSI-MCC-L plasmashell[48946]: LogicController: Failed to parse cache for https://beyazgazete.com/rss/guncel.xml
Nis 30 14:55:03 MSI-MCC-L plasmashell[48946]: LogicController: Failed to parse cache for https://www.ntv.com.tr/son-dakika.rss
Nis 30 14:55:03 MSI-MCC-L plasmashell[48946]: LogicController: Failed to parse cache for https://www.hurriyet.com.tr/rss/anasayfa
Nis 30 14:55:24 MSI-MCC-L kwin_x11[2230]: The theme "lightly-plasma-v4" uses the legacy metadata.desktop. Consider contacting the author and asking them update it to use the newer JSON format.
Nis 30 14:55:42 MSI-MCC-L kwin_x11[2230]: XCB error: 152 (BadDamage), sequence: 48687, resource id: 21566100, major code: 143 (DAMAGE), minor code: 2 (Destroy)
Nis 30 14:55:42 MSI-MCC-L kwin_x11[2230]: XCB error: 3 (BadWindow), sequence: 48688, resource id: 98566183, major code: 129 (SHAPE), minor code: 6 (Input)
Nis 30 14:56:01 MSI-MCC-L plasmashell[48946]: LogicController: Failed to parse cache for https://teknoseyir.com/feed
Nis 30 14:56:02 MSI-MCC-L plasmashell[48946]: LogicController: Failed to parse cache for https://www.sozcu.com.tr/feeds-haberler
Nis 30 14:56:02 MSI-MCC-L plasmashell[48946]: LogicController: Failed to parse cache for https://www.cnnturk.com/feed/rss/all/news
Nis 30 14:56:02 MSI-MCC-L plasmashell[48946]: LogicController: Failed to parse cache for https://beyazgazete.com/rss/guncel.xml
Nis 30 14:56:02 MSI-MCC-L plasmashell[48946]: LogicController: Failed to parse cache for https://www.ntv.com.tr/son-dakika.rss
Nis 30 14:56:02 MSI-MCC-L plasmashell[48946]: LogicController: Failed to parse cache for https://www.hurriyet.com.tr/rss/anasayfa
Nis 30 14:57:00 MSI-MCC-L plasmashell[48946]: LogicController: Failed to parse cache for https://teknoseyir.com/feed
Nis 30 14:57:01 MSI-MCC-L plasmashell[48946]: LogicController: Failed to parse cache for https://www.sozcu.com.tr/feeds-haberler
Nis 30 14:57:01 MSI-MCC-L plasmashell[48946]: LogicController: Failed to parse cache for https://www.cnnturk.com/feed/rss/all/news
Nis 30 14:57:01 MSI-MCC-L plasmashell[48946]: LogicController: Failed to parse cache for https://beyazgazete.com/rss/guncel.xml
Nis 30 14:57:01 MSI-MCC-L plasmashell[48946]: LogicController: Failed to parse cache for https://www.ntv.com.tr/son-dakika.rss
Nis 30 14:57:01 MSI-MCC-L plasmashell[48946]: LogicController: Failed to parse cache for https://www.hurriyet.com.tr/rss/anasayfa
Nis 30 14:58:01 MSI-MCC-L plasmashell[48946]: LogicController: Failed to parse cache for https://teknoseyir.com/feed
Nis 30 14:58:01 MSI-MCC-L plasmashell[48946]: LogicController: Failed to parse cache for https://www.sozcu.com.tr/feeds-haberler
Nis 30 14:58:01 MSI-MCC-L plasmashell[48946]: LogicController: Failed to parse cache for https://www.cnnturk.com/feed/rss/all/news
Nis 30 14:58:01 MSI-MCC-L plasmashell[48946]: LogicController: Failed to parse cache for https://beyazgazete.com/rss/guncel.xml
Nis 30 14:58:01 MSI-MCC-L plasmashell[48946]: LogicController: Failed to parse cache for https://www.ntv.com.tr/son-dakika.rss
Nis 30 14:58:01 MSI-MCC-L plasmashell[48946]: LogicController: Failed to parse cache for https://www.hurriyet.com.tr/rss/anasayfa
Nis 30 14:58:59 MSI-MCC-L plasmashell[48946]: LogicController: Failed to parse cache for https://teknoseyir.com/feed
Nis 30 14:58:59 MSI-MCC-L plasmashell[48946]: LogicController: Failed to parse cache for https://www.sozcu.com.tr/feeds-haberler
Nis 30 14:59:00 MSI-MCC-L plasmashell[48946]: LogicController: Failed to parse cache for https://www.cnnturk.com/feed/rss/all/news
Nis 30 14:59:00 MSI-MCC-L plasmashell[48946]: LogicController: Failed to parse cache for https://beyazgazete.com/rss/guncel.xml
Nis 30 14:59:00 MSI-MCC-L plasmashell[48946]: LogicController: Failed to parse cache for https://www.ntv.com.tr/son-dakika.rss
Nis 30 14:59:00 MSI-MCC-L plasmashell[48946]: LogicController: Failed to parse cache for https://www.hurriyet.com.tr/rss/anasayfa
Nis 30 14:59:58 MSI-MCC-L plasmashell[48946]: LogicController: Failed to parse cache for https://teknoseyir.com/feed
Nis 30 14:59:58 MSI-MCC-L plasmashell[48946]: LogicController: Failed to parse cache for https://www.sozcu.com.tr/feeds-haberler
Nis 30 14:59:58 MSI-MCC-L plasmashell[48946]: LogicController: Failed to parse cache for https://www.cnnturk.com/feed/rss/all/news
Nis 30 14:59:58 MSI-MCC-L plasmashell[48946]: LogicController: Failed to parse cache for https://beyazgazete.com/rss/guncel.xml
Nis 30 14:59:58 MSI-MCC-L plasmashell[48946]: LogicController: Failed to parse cache for https://www.ntv.com.tr/son-dakika.rss
Nis 30 14:59:58 MSI-MCC-L plasmashell[48946]: LogicController: Failed to parse cache for https://www.hurriyet.com.tr/rss/anasayfa
Nis 30 15:00:41 MSI-MCC-L plasmashell[48946]: Detected location from IP: Salihli
Nis 30 15:00:41 MSI-MCC-L plasmashell[48946]: Fetching weather using provider: openmeteo, days: 12
Nis 30 15:00:57 MSI-MCC-L plasmashell[48946]: LogicController: Failed to parse cache for https://teknoseyir.com/feed
Nis 30 15:00:57 MSI-MCC-L plasmashell[48946]: LogicController: Failed to parse cache for https://www.sozcu.com.tr/feeds-haberler
Nis 30 15:00:57 MSI-MCC-L plasmashell[48946]: LogicController: Failed to parse cache for https://www.cnnturk.com/feed/rss/all/news
Nis 30 15:00:57 MSI-MCC-L plasmashell[48946]: LogicController: Failed to parse cache for https://beyazgazete.com/rss/guncel.xml
Nis 30 15:00:57 MSI-MCC-L plasmashell[48946]: LogicController: Failed to parse cache for https://www.ntv.com.tr/son-dakika.rss
Nis 30 15:00:57 MSI-MCC-L plasmashell[48946]: LogicController: Failed to parse cache for https://www.hurriyet.com.tr/rss/anasayfa
Nis 30 15:01:57 MSI-MCC-L plasmashell[48946]: LogicController: Failed to parse cache for https://teknoseyir.com/feed
Nis 30 15:01:57 MSI-MCC-L plasmashell[48946]: LogicController: Failed to parse cache for https://www.sozcu.com.tr/feeds-haberler
Nis 30 15:01:57 MSI-MCC-L plasmashell[48946]: LogicController: Failed to parse cache for https://www.cnnturk.com/feed/rss/all/news
Nis 30 15:01:57 MSI-MCC-L plasmashell[48946]: LogicController: Failed to parse cache for https://beyazgazete.com/rss/guncel.xml
Nis 30 15:01:57 MSI-MCC-L plasmashell[48946]: LogicController: Failed to parse cache for https://www.ntv.com.tr/son-dakika.rss
Nis 30 15:01:57 MSI-MCC-L plasmashell[48946]: LogicController: Failed to parse cache for https://www.hurriyet.com.tr/rss/anasayfa
Nis 30 15:02:56 MSI-MCC-L plasmashell[48946]: LogicController: Failed to parse cache for https://teknoseyir.com/feed
Nis 30 15:02:56 MSI-MCC-L plasmashell[48946]: LogicController: Failed to parse cache for https://www.sozcu.com.tr/feeds-haberler
Nis 30 15:02:56 MSI-MCC-L plasmashell[48946]: LogicController: Failed to parse cache for https://www.cnnturk.com/feed/rss/all/news
Nis 30 15:02:56 MSI-MCC-L plasmashell[48946]: LogicController: Failed to parse cache for https://beyazgazete.com/rss/guncel.xml
Nis 30 15:02:56 MSI-MCC-L plasmashell[48946]: LogicController: Failed to parse cache for https://www.ntv.com.tr/son-dakika.rss
Nis 30 15:02:56 MSI-MCC-L plasmashell[48946]: LogicController: Failed to parse cache for https://www.hurriyet.com.tr/rss/anasayfa
Nis 30 15:03:33 MSI-MCC-L kwin_x11[2230]: XCB error: 152 (BadDamage), sequence: 37387, resource id: 21615804, major code: 143 (DAMAGE), minor code: 2 (Destroy)
Nis 30 15:03:33 MSI-MCC-L kwin_x11[2230]: XCB error: 3 (BadWindow), sequence: 37388, resource id: 83886284, major code: 129 (SHAPE), minor code: 6 (Input)
Nis 30 15:03:55 MSI-MCC-L plasmashell[48946]: LogicController: Failed to parse cache for https://teknoseyir.com/feed
Nis 30 15:03:55 MSI-MCC-L plasmashell[48946]: LogicController: Failed to parse cache for https://www.sozcu.com.tr/feeds-haberler
Nis 30 15:03:55 MSI-MCC-L plasmashell[48946]: LogicController: Failed to parse cache for https://www.cnnturk.com/feed/rss/all/news
Nis 30 15:03:55 MSI-MCC-L plasmashell[48946]: LogicController: Failed to parse cache for https://beyazgazete.com/rss/guncel.xml
Nis 30 15:03:55 MSI-MCC-L plasmashell[48946]: LogicController: Failed to parse cache for https://www.ntv.com.tr/son-dakika.rss
Nis 30 15:03:55 MSI-MCC-L plasmashell[48946]: LogicController: Failed to parse cache for https://www.hurriyet.com.tr/rss/anasayfa
Nis 30 15:04:26 MSI-MCC-L spectacle[53440]: Member focusPolicy of the object ButtonGrid_QMLTYPE_102 overrides a member of the base object. Consider renaming it or adding final or override specifier
Nis 30 15:04:26 MSI-MCC-L spectacle[53440]: Member focusPolicy of the object UndoRedoGroup_QMLTYPE_109 overrides a member of the base object. Consider renaming it or adding final or override specifier
Nis 30 15:04:26 MSI-MCC-L spectacle[53440]: Member focusPolicy of the object AnnotationOptionsToolBarContents_QMLTYPE_121 overrides a member of the base object. Consider renaming it or adding final or override specifier
Nis 30 15:04:55 MSI-MCC-L plasmashell[48946]: LogicController: Failed to parse cache for https://teknoseyir.com/feed
Nis 30 15:04:55 MSI-MCC-L plasmashell[48946]: LogicController: Failed to parse cache for https://www.sozcu.com.tr/feeds-haberler
Nis 30 15:04:55 MSI-MCC-L plasmashell[48946]: LogicController: Failed to parse cache for https://www.cnnturk.com/feed/rss/all/news
Nis 30 15:04:55 MSI-MCC-L plasmashell[48946]: LogicController: Failed to parse cache for https://beyazgazete.com/rss/guncel.xml
Nis 30 15:04:55 MSI-MCC-L plasmashell[48946]: LogicController: Failed to parse cache for https://www.ntv.com.tr/son-dakika.rss
Nis 30 15:04:55 MSI-MCC-L plasmashell[48946]: LogicController: Failed to parse cache for https://www.hurriyet.com.tr/rss/anasayfa
Nis 30 15:05:54 MSI-MCC-L plasmashell[48946]: LogicController: Failed to parse cache for https://teknoseyir.com/feed
Nis 30 15:05:54 MSI-MCC-L plasmashell[48946]: LogicController: Failed to parse cache for https://www.sozcu.com.tr/feeds-haberler
Nis 30 15:05:54 MSI-MCC-L plasmashell[48946]: LogicController: Failed to parse cache for https://www.cnnturk.com/feed/rss/all/news
Nis 30 15:05:54 MSI-MCC-L plasmashell[48946]: LogicController: Failed to parse cache for https://beyazgazete.com/rss/guncel.xml
Nis 30 15:05:54 MSI-MCC-L plasmashell[48946]: LogicController: Failed to parse cache for https://www.ntv.com.tr/son-dakika.rss
Nis 30 15:05:54 MSI-MCC-L plasmashell[48946]: LogicController: Failed to parse cache for https://www.hurriyet.com.tr/rss/anasayfa
Nis 30 15:06:53 MSI-MCC-L plasmashell[48946]: LogicController: Failed to parse cache for https://teknoseyir.com/feed
Nis 30 15:06:53 MSI-MCC-L plasmashell[48946]: LogicController: Failed to parse cache for https://www.sozcu.com.tr/feeds-haberler
Nis 30 15:06:53 MSI-MCC-L plasmashell[48946]: LogicController: Failed to parse cache for https://www.cnnturk.com/feed/rss/all/news
Nis 30 15:06:53 MSI-MCC-L plasmashell[48946]: LogicController: Failed to parse cache for https://beyazgazete.com/rss/guncel.xml
Nis 30 15:06:53 MSI-MCC-L plasmashell[48946]: LogicController: Failed to parse cache for https://www.ntv.com.tr/son-dakika.rss
Nis 30 15:06:53 MSI-MCC-L plasmashell[48946]: LogicController: Failed to parse cache for https://www.hurriyet.com.tr/rss/anasayfa
Nis 30 15:07:51 MSI-MCC-L plasmashell[48946]: LogicController: Failed to parse cache for https://teknoseyir.com/feed
Nis 30 15:07:52 MSI-MCC-L plasmashell[48946]: LogicController: Failed to parse cache for https://www.sozcu.com.tr/feeds-haberler
Nis 30 15:07:52 MSI-MCC-L plasmashell[48946]: LogicController: Failed to parse cache for https://www.cnnturk.com/feed/rss/all/news
Nis 30 15:07:52 MSI-MCC-L plasmashell[48946]: LogicController: Failed to parse cache for https://beyazgazete.com/rss/guncel.xml
Nis 30 15:07:52 MSI-MCC-L plasmashell[48946]: LogicController: Failed to parse cache for https://www.ntv.com.tr/son-dakika.rss
Nis 30 15:07:52 MSI-MCC-L plasmashell[48946]: LogicController: Failed to parse cache for https://www.hurriyet.com.tr/rss/anasayfa
Nis 30 15:08:50 MSI-MCC-L plasmashell[48946]: LogicController: Failed to parse cache for https://teknoseyir.com/feed
Nis 30 15:08:50 MSI-MCC-L plasmashell[48946]: LogicController: Failed to parse cache for https://www.sozcu.com.tr/feeds-haberler
Nis 30 15:08:50 MSI-MCC-L plasmashell[48946]: LogicController: Failed to parse cache for https://www.cnnturk.com/feed/rss/all/news
Nis 30 15:08:50 MSI-MCC-L plasmashell[48946]: LogicController: Failed to parse cache for https://beyazgazete.com/rss/guncel.xml
Nis 30 15:08:51 MSI-MCC-L plasmashell[48946]: LogicController: Failed to parse cache for https://www.ntv.com.tr/son-dakika.rss
Nis 30 15:08:51 MSI-MCC-L plasmashell[48946]: LogicController: Failed to parse cache for https://www.hurriyet.com.tr/rss/anasayfa
Nis 30 15:09:49 MSI-MCC-L plasmashell[48946]: LogicController: Failed to parse cache for https://teknoseyir.com/feed
Nis 30 15:09:49 MSI-MCC-L plasmashell[48946]: LogicController: Failed to parse cache for https://www.sozcu.com.tr/feeds-haberler
Nis 30 15:09:49 MSI-MCC-L plasmashell[48946]: LogicController: Failed to parse cache for https://www.cnnturk.com/feed/rss/all/news
Nis 30 15:09:49 MSI-MCC-L plasmashell[48946]: LogicController: Failed to parse cache for https://beyazgazete.com/rss/guncel.xml
Nis 30 15:09:49 MSI-MCC-L plasmashell[48946]: LogicController: Failed to parse cache for https://www.ntv.com.tr/son-dakika.rss
Nis 30 15:09:49 MSI-MCC-L plasmashell[48946]: LogicController: Failed to parse cache for https://www.hurriyet.com.tr/rss/anasayfa
Nis 30 15:10:48 MSI-MCC-L plasmashell[48946]: LogicController: Failed to parse cache for https://teknoseyir.com/feed
Nis 30 15:10:48 MSI-MCC-L plasmashell[48946]: LogicController: Failed to parse cache for https://www.sozcu.com.tr/feeds-haberler
Nis 30 15:10:48 MSI-MCC-L plasmashell[48946]: LogicController: Failed to parse cache for https://www.cnnturk.com/feed/rss/all/news
Nis 30 15:10:48 MSI-MCC-L plasmashell[48946]: LogicController: Failed to parse cache for https://beyazgazete.com/rss/guncel.xml
Nis 30 15:10:48 MSI-MCC-L plasmashell[48946]: LogicController: Failed to parse cache for https://www.ntv.com.tr/son-dakika.rss
Nis 30 15:10:48 MSI-MCC-L plasmashell[48946]: LogicController: Failed to parse cache for https://www.hurriyet.com.tr/rss/anasayfa
Nis 30 15:11:00 MSI-MCC-L plasmashell[48946]: [MPRIS] Player changed. Shuffle: 0 number | LoopStatus: 1 number
Nis 30 15:11:00 MSI-MCC-L plasmashell[48946]: [MPRIS] Player changed. Shuffle: 0 number | LoopStatus: 1 number
Nis 30 15:11:47 MSI-MCC-L plasmashell[48946]: LogicController: Failed to parse cache for https://teknoseyir.com/feed
Nis 30 15:11:47 MSI-MCC-L plasmashell[48946]: LogicController: Failed to parse cache for https://www.sozcu.com.tr/feeds-haberler
Nis 30 15:11:47 MSI-MCC-L plasmashell[48946]: LogicController: Failed to parse cache for https://www.cnnturk.com/feed/rss/all/news
Nis 30 15:11:47 MSI-MCC-L plasmashell[48946]: LogicController: Failed to parse cache for https://beyazgazete.com/rss/guncel.xml
Nis 30 15:11:47 MSI-MCC-L plasmashell[48946]: LogicController: Failed to parse cache for https://www.ntv.com.tr/son-dakika.rss
Nis 30 15:11:47 MSI-MCC-L plasmashell[48946]: LogicController: Failed to parse cache for https://www.hurriyet.com.tr/rss/anasayfa
Nis 30 15:12:46 MSI-MCC-L plasmashell[48946]: LogicController: Failed to parse cache for https://teknoseyir.com/feed
Nis 30 15:12:46 MSI-MCC-L plasmashell[48946]: LogicController: Failed to parse cache for https://www.sozcu.com.tr/feeds-haberler
Nis 30 15:12:46 MSI-MCC-L plasmashell[48946]: LogicController: Failed to parse cache for https://www.cnnturk.com/feed/rss/all/news
Nis 30 15:12:46 MSI-MCC-L plasmashell[48946]: LogicController: Failed to parse cache for https://beyazgazete.com/rss/guncel.xml
Nis 30 15:12:46 MSI-MCC-L plasmashell[48946]: LogicController: Failed to parse cache for https://www.ntv.com.tr/son-dakika.rss
Nis 30 15:12:46 MSI-MCC-L plasmashell[48946]: LogicController: Failed to parse cache for https://www.hurriyet.com.tr/rss/anasayfa
Nis 30 15:13:45 MSI-MCC-L plasmashell[48946]: LogicController: Failed to parse cache for https://teknoseyir.com/feed
Nis 30 15:13:45 MSI-MCC-L plasmashell[48946]: LogicController: Failed to parse cache for https://www.sozcu.com.tr/feeds-haberler
Nis 30 15:13:45 MSI-MCC-L plasmashell[48946]: LogicController: Failed to parse cache for https://www.cnnturk.com/feed/rss/all/news
Nis 30 15:13:45 MSI-MCC-L plasmashell[48946]: LogicController: Failed to parse cache for https://beyazgazete.com/rss/guncel.xml
Nis 30 15:13:45 MSI-MCC-L plasmashell[48946]: LogicController: Failed to parse cache for https://www.ntv.com.tr/son-dakika.rss
Nis 30 15:13:45 MSI-MCC-L plasmashell[48946]: LogicController: Failed to parse cache for https://www.hurriyet.com.tr/rss/anasayfa
Nis 30 15:14:44 MSI-MCC-L plasmashell[48946]: LogicController: Failed to parse cache for https://teknoseyir.com/feed
Nis 30 15:14:44 MSI-MCC-L plasmashell[48946]: LogicController: Failed to parse cache for https://www.sozcu.com.tr/feeds-haberler
Nis 30 15:14:44 MSI-MCC-L plasmashell[48946]: LogicController: Failed to parse cache for https://www.cnnturk.com/feed/rss/all/news
Nis 30 15:14:44 MSI-MCC-L plasmashell[48946]: LogicController: Failed to parse cache for https://beyazgazete.com/rss/guncel.xml
Nis 30 15:14:44 MSI-MCC-L plasmashell[48946]: LogicController: Failed to parse cache for https://www.ntv.com.tr/son-dakika.rss
Nis 30 15:14:44 MSI-MCC-L plasmashell[48946]: LogicController: Failed to parse cache for https://www.hurriyet.com.tr/rss/anasayfa
Nis 30 15:15:43 MSI-MCC-L plasmashell[48946]: LogicController: Failed to parse cache for https://teknoseyir.com/feed
Nis 30 15:15:43 MSI-MCC-L plasmashell[48946]: LogicController: Failed to parse cache for https://www.sozcu.com.tr/feeds-haberler
Nis 30 15:15:43 MSI-MCC-L plasmashell[48946]: LogicController: Failed to parse cache for https://www.cnnturk.com/feed/rss/all/news
Nis 30 15:15:43 MSI-MCC-L plasmashell[48946]: LogicController: Failed to parse cache for https://beyazgazete.com/rss/guncel.xml
Nis 30 15:15:43 MSI-MCC-L plasmashell[48946]: LogicController: Failed to parse cache for https://www.ntv.com.tr/son-dakika.rss
Nis 30 15:15:43 MSI-MCC-L plasmashell[48946]: LogicController: Failed to parse cache for https://www.hurriyet.com.tr/rss/anasayfa
Nis 30 15:16:41 MSI-MCC-L plasmashell[48946]: LogicController: Failed to parse cache for https://teknoseyir.com/feed
Nis 30 15:16:42 MSI-MCC-L plasmashell[48946]: LogicController: Failed to parse cache for https://www.sozcu.com.tr/feeds-haberler
Nis 30 15:16:42 MSI-MCC-L plasmashell[48946]: LogicController: Failed to parse cache for https://www.cnnturk.com/feed/rss/all/news
Nis 30 15:16:42 MSI-MCC-L plasmashell[48946]: LogicController: Failed to parse cache for https://beyazgazete.com/rss/guncel.xml
Nis 30 15:16:42 MSI-MCC-L plasmashell[48946]: LogicController: Failed to parse cache for https://www.ntv.com.tr/son-dakika.rss
Nis 30 15:16:42 MSI-MCC-L plasmashell[48946]: LogicController: Failed to parse cache for https://www.hurriyet.com.tr/rss/anasayfa
Nis 30 15:17:41 MSI-MCC-L plasmashell[48946]: LogicController: Failed to parse cache for https://teknoseyir.com/feed
Nis 30 15:17:41 MSI-MCC-L plasmashell[48946]: LogicController: Failed to parse cache for https://www.sozcu.com.tr/feeds-haberler
Nis 30 15:17:41 MSI-MCC-L plasmashell[48946]: LogicController: Failed to parse cache for https://www.cnnturk.com/feed/rss/all/news
Nis 30 15:17:41 MSI-MCC-L plasmashell[48946]: LogicController: Failed to parse cache for https://beyazgazete.com/rss/guncel.xml
Nis 30 15:17:41 MSI-MCC-L plasmashell[48946]: LogicController: Failed to parse cache for https://www.ntv.com.tr/son-dakika.rss
Nis 30 15:17:41 MSI-MCC-L plasmashell[48946]: LogicController: Failed to parse cache for https://www.hurriyet.com.tr/rss/anasayfa
Nis 30 15:18:40 MSI-MCC-L plasmashell[48946]: LogicController: Failed to parse cache for https://teknoseyir.com/feed
Nis 30 15:18:40 MSI-MCC-L plasmashell[48946]: LogicController: Failed to parse cache for https://www.sozcu.com.tr/feeds-haberler
Nis 30 15:18:40 MSI-MCC-L plasmashell[48946]: LogicController: Failed to parse cache for https://www.cnnturk.com/feed/rss/all/news
Nis 30 15:18:40 MSI-MCC-L plasmashell[48946]: LogicController: Failed to parse cache for https://beyazgazete.com/rss/guncel.xml
Nis 30 15:18:40 MSI-MCC-L plasmashell[48946]: LogicController: Failed to parse cache for https://www.ntv.com.tr/son-dakika.rss
Nis 30 15:18:40 MSI-MCC-L plasmashell[48946]: LogicController: Failed to parse cache for https://www.hurriyet.com.tr/rss/anasayfa
Nis 30 15:19:38 MSI-MCC-L plasmashell[48946]: LogicController: Failed to parse cache for https://teknoseyir.com/feed
Nis 30 15:19:39 MSI-MCC-L plasmashell[48946]: LogicController: Failed to parse cache for https://www.sozcu.com.tr/feeds-haberler
Nis 30 15:19:39 MSI-MCC-L plasmashell[48946]: LogicController: Failed to parse cache for https://www.cnnturk.com/feed/rss/all/news
Nis 30 15:19:39 MSI-MCC-L plasmashell[48946]: LogicController: Failed to parse cache for https://beyazgazete.com/rss/guncel.xml
Nis 30 15:19:39 MSI-MCC-L plasmashell[48946]: LogicController: Failed to parse cache for https://www.ntv.com.tr/son-dakika.rss
Nis 30 15:19:39 MSI-MCC-L plasmashell[48946]: LogicController: Failed to parse cache for https://www.hurriyet.com.tr/rss/anasayfa
Nis 30 15:20:37 MSI-MCC-L plasmashell[48946]: LogicController: Failed to parse cache for https://teknoseyir.com/feed
Nis 30 15:20:38 MSI-MCC-L plasmashell[48946]: LogicController: Failed to parse cache for https://www.sozcu.com.tr/feeds-haberler
Nis 30 15:20:38 MSI-MCC-L plasmashell[48946]: LogicController: Failed to parse cache for https://www.cnnturk.com/feed/rss/all/news
Nis 30 15:20:38 MSI-MCC-L plasmashell[48946]: LogicController: Failed to parse cache for https://beyazgazete.com/rss/guncel.xml
Nis 30 15:20:38 MSI-MCC-L plasmashell[48946]: LogicController: Failed to parse cache for https://www.ntv.com.tr/son-dakika.rss
Nis 30 15:20:38 MSI-MCC-L plasmashell[48946]: LogicController: Failed to parse cache for https://www.hurriyet.com.tr/rss/anasayfa
Nis 30 15:21:36 MSI-MCC-L plasmashell[48946]: LogicController: Failed to parse cache for https://teknoseyir.com/feed
Nis 30 15:21:36 MSI-MCC-L plasmashell[48946]: LogicController: Failed to parse cache for https://www.sozcu.com.tr/feeds-haberler
Nis 30 15:21:37 MSI-MCC-L plasmashell[48946]: LogicController: Failed to parse cache for https://www.cnnturk.com/feed/rss/all/news
Nis 30 15:21:37 MSI-MCC-L plasmashell[48946]: LogicController: Failed to parse cache for https://beyazgazete.com/rss/guncel.xml
Nis 30 15:21:37 MSI-MCC-L plasmashell[48946]: LogicController: Failed to parse cache for https://www.ntv.com.tr/son-dakika.rss
Nis 30 15:21:37 MSI-MCC-L plasmashell[48946]: LogicController: Failed to parse cache for https://www.hurriyet.com.tr/rss/anasayfa
Nis 30 15:22:36 MSI-MCC-L plasmashell[48946]: LogicController: Failed to parse cache for https://teknoseyir.com/feed
Nis 30 15:22:36 MSI-MCC-L plasmashell[48946]: LogicController: Failed to parse cache for https://www.sozcu.com.tr/feeds-haberler
Nis 30 15:22:36 MSI-MCC-L plasmashell[48946]: LogicController: Failed to parse cache for https://www.cnnturk.com/feed/rss/all/news
Nis 30 15:22:36 MSI-MCC-L plasmashell[48946]: LogicController: Failed to parse cache for https://beyazgazete.com/rss/guncel.xml
Nis 30 15:22:36 MSI-MCC-L plasmashell[48946]: LogicController: Failed to parse cache for https://www.ntv.com.tr/son-dakika.rss
Nis 30 15:22:36 MSI-MCC-L plasmashell[48946]: LogicController: Failed to parse cache for https://www.hurriyet.com.tr/rss/anasayfa
Nis 30 15:23:35 MSI-MCC-L plasmashell[48946]: LogicController: Failed to parse cache for https://teknoseyir.com/feed
Nis 30 15:23:35 MSI-MCC-L plasmashell[48946]: LogicController: Failed to parse cache for https://www.sozcu.com.tr/feeds-haberler
Nis 30 15:23:35 MSI-MCC-L plasmashell[48946]: LogicController: Failed to parse cache for https://www.cnnturk.com/feed/rss/all/news
Nis 30 15:23:35 MSI-MCC-L plasmashell[48946]: LogicController: Failed to parse cache for https://beyazgazete.com/rss/guncel.xml
Nis 30 15:23:35 MSI-MCC-L plasmashell[48946]: LogicController: Failed to parse cache for https://www.ntv.com.tr/son-dakika.rss
Nis 30 15:23:35 MSI-MCC-L plasmashell[48946]: LogicController: Failed to parse cache for https://www.hurriyet.com.tr/rss/anasayfa
Nis 30 15:24:34 MSI-MCC-L plasmashell[48946]: LogicController: Failed to parse cache for https://teknoseyir.com/feed
Nis 30 15:24:34 MSI-MCC-L plasmashell[48946]: LogicController: Failed to parse cache for https://www.sozcu.com.tr/feeds-haberler
Nis 30 15:24:34 MSI-MCC-L plasmashell[48946]: LogicController: Failed to parse cache for https://www.cnnturk.com/feed/rss/all/news
Nis 30 15:24:34 MSI-MCC-L plasmashell[48946]: LogicController: Failed to parse cache for https://beyazgazete.com/rss/guncel.xml
Nis 30 15:24:34 MSI-MCC-L plasmashell[48946]: LogicController: Failed to parse cache for https://www.ntv.com.tr/son-dakika.rss
Nis 30 15:24:34 MSI-MCC-L plasmashell[48946]: LogicController: Failed to parse cache for https://www.hurriyet.com.tr/rss/anasayfa
Nis 30 15:25:33 MSI-MCC-L plasmashell[48946]: LogicController: Failed to parse cache for https://teknoseyir.com/feed
Nis 30 15:25:33 MSI-MCC-L plasmashell[48946]: LogicController: Failed to parse cache for https://www.sozcu.com.tr/feeds-haberler
Nis 30 15:25:33 MSI-MCC-L plasmashell[48946]: LogicController: Failed to parse cache for https://www.cnnturk.com/feed/rss/all/news
Nis 30 15:25:33 MSI-MCC-L plasmashell[48946]: LogicController: Failed to parse cache for https://beyazgazete.com/rss/guncel.xml
Nis 30 15:25:33 MSI-MCC-L plasmashell[48946]: LogicController: Failed to parse cache for https://www.ntv.com.tr/son-dakika.rss
Nis 30 15:25:33 MSI-MCC-L plasmashell[48946]: LogicController: Failed to parse cache for https://www.hurriyet.com.tr/rss/anasayfa
Nis 30 15:26:32 MSI-MCC-L plasmashell[48946]: LogicController: Failed to parse cache for https://teknoseyir.com/feed
Nis 30 15:26:32 MSI-MCC-L plasmashell[48946]: LogicController: Failed to parse cache for https://www.sozcu.com.tr/feeds-haberler
Nis 30 15:26:32 MSI-MCC-L plasmashell[48946]: LogicController: Failed to parse cache for https://www.cnnturk.com/feed/rss/all/news
Nis 30 15:26:32 MSI-MCC-L plasmashell[48946]: LogicController: Failed to parse cache for https://beyazgazete.com/rss/guncel.xml
Nis 30 15:26:32 MSI-MCC-L plasmashell[48946]: LogicController: Failed to parse cache for https://www.ntv.com.tr/son-dakika.rss
Nis 30 15:26:32 MSI-MCC-L plasmashell[48946]: LogicController: Failed to parse cache for https://www.hurriyet.com.tr/rss/anasayfa
Nis 30 15:26:32 MSI-MCC-L kwin_x11[2230]: 0x2: GL_INVALID_VALUE in glTexStorage2D(width, height or depth < 1)
Nis 30 15:26:32 MSI-MCC-L kwin_x11[2230]: Invalid framebuffer status:  "GL_FRAMEBUFFER_INCOMPLETE_ATTACHMENT"
Nis 30 15:26:32 MSI-MCC-L kwin_x11[2230]: Failed to create an offscreen framebuffer
Nis 30 15:27:31 MSI-MCC-L plasmashell[48946]: LogicController: Failed to parse cache for https://teknoseyir.com/feed
Nis 30 15:27:31 MSI-MCC-L plasmashell[48946]: LogicController: Failed to parse cache for https://www.sozcu.com.tr/feeds-haberler
Nis 30 15:27:31 MSI-MCC-L plasmashell[48946]: LogicController: Failed to parse cache for https://www.cnnturk.com/feed/rss/all/news
Nis 30 15:27:31 MSI-MCC-L plasmashell[48946]: LogicController: Failed to parse cache for https://beyazgazete.com/rss/guncel.xml
Nis 30 15:27:31 MSI-MCC-L plasmashell[48946]: LogicController: Failed to parse cache for https://www.ntv.com.tr/son-dakika.rss
Nis 30 15:27:31 MSI-MCC-L plasmashell[48946]: LogicController: Failed to parse cache for https://www.hurriyet.com.tr/rss/anasayfa
Nis 30 15:28:30 MSI-MCC-L plasmashell[48946]: LogicController: Failed to parse cache for https://teknoseyir.com/feed
Nis 30 15:28:30 MSI-MCC-L plasmashell[48946]: LogicController: Failed to parse cache for https://www.sozcu.com.tr/feeds-haberler
Nis 30 15:28:30 MSI-MCC-L plasmashell[48946]: LogicController: Failed to parse cache for https://www.cnnturk.com/feed/rss/all/news
Nis 30 15:28:30 MSI-MCC-L plasmashell[48946]: LogicController: Failed to parse cache for https://beyazgazete.com/rss/guncel.xml
Nis 30 15:28:30 MSI-MCC-L plasmashell[48946]: LogicController: Failed to parse cache for https://www.ntv.com.tr/son-dakika.rss
Nis 30 15:28:30 MSI-MCC-L plasmashell[48946]: LogicController: Failed to parse cache for https://www.hurriyet.com.tr/rss/anasayfa
Nis 30 15:29:29 MSI-MCC-L plasmashell[48946]: LogicController: Failed to parse cache for https://teknoseyir.com/feed
Nis 30 15:29:29 MSI-MCC-L plasmashell[48946]: LogicController: Failed to parse cache for https://www.sozcu.com.tr/feeds-haberler
Nis 30 15:29:29 MSI-MCC-L plasmashell[48946]: LogicController: Failed to parse cache for https://www.cnnturk.com/feed/rss/all/news
Nis 30 15:29:29 MSI-MCC-L plasmashell[48946]: LogicController: Failed to parse cache for https://beyazgazete.com/rss/guncel.xml
Nis 30 15:29:29 MSI-MCC-L plasmashell[48946]: LogicController: Failed to parse cache for https://www.ntv.com.tr/son-dakika.rss
Nis 30 15:29:29 MSI-MCC-L plasmashell[48946]: LogicController: Failed to parse cache for https://www.hurriyet.com.tr/rss/anasayfa
Nis 30 15:30:11 MSI-MCC-L plasmashell[48946]: Detected location from IP: Salihli
Nis 30 15:30:11 MSI-MCC-L plasmashell[48946]: Fetching weather using provider: openmeteo, days: 12
Nis 30 15:30:28 MSI-MCC-L plasmashell[48946]: LogicController: Failed to parse cache for https://teknoseyir.com/feed
Nis 30 15:30:28 MSI-MCC-L plasmashell[48946]: LogicController: Failed to parse cache for https://www.sozcu.com.tr/feeds-haberler
Nis 30 15:30:28 MSI-MCC-L plasmashell[48946]: LogicController: Failed to parse cache for https://www.cnnturk.com/feed/rss/all/news
Nis 30 15:30:28 MSI-MCC-L plasmashell[48946]: LogicController: Failed to parse cache for https://beyazgazete.com/rss/guncel.xml
Nis 30 15:30:28 MSI-MCC-L plasmashell[48946]: LogicController: Failed to parse cache for https://www.ntv.com.tr/son-dakika.rss
Nis 30 15:30:28 MSI-MCC-L plasmashell[48946]: LogicController: Failed to parse cache for https://www.hurriyet.com.tr/rss/anasayfa
Nis 30 15:31:27 MSI-MCC-L plasmashell[48946]: LogicController: Failed to parse cache for https://teknoseyir.com/feed
Nis 30 15:31:27 MSI-MCC-L plasmashell[48946]: LogicController: Failed to parse cache for https://www.sozcu.com.tr/feeds-haberler
Nis 30 15:31:27 MSI-MCC-L plasmashell[48946]: LogicController: Failed to parse cache for https://www.cnnturk.com/feed/rss/all/news
Nis 30 15:31:27 MSI-MCC-L plasmashell[48946]: LogicController: Failed to parse cache for https://beyazgazete.com/rss/guncel.xml
Nis 30 15:31:27 MSI-MCC-L plasmashell[48946]: LogicController: Failed to parse cache for https://www.ntv.com.tr/son-dakika.rss
Nis 30 15:31:27 MSI-MCC-L plasmashell[48946]: LogicController: Failed to parse cache for https://www.hurriyet.com.tr/rss/anasayfa
Nis 30 15:31:40 MSI-MCC-L kscreenlocker_greet[56728]: Member contentWidth of the object PopupList_QMLTYPE_124 overrides a member of the base object. Consider renaming it or adding final or override specifier
Nis 30 15:32:26 MSI-MCC-L plasmashell[48946]: LogicController: Failed to parse cache for https://teknoseyir.com/feed
Nis 30 15:32:26 MSI-MCC-L plasmashell[48946]: LogicController: Failed to parse cache for https://www.sozcu.com.tr/feeds-haberler
Nis 30 15:32:26 MSI-MCC-L plasmashell[48946]: LogicController: Failed to parse cache for https://www.cnnturk.com/feed/rss/all/news
Nis 30 15:32:26 MSI-MCC-L plasmashell[48946]: LogicController: Failed to parse cache for https://beyazgazete.com/rss/guncel.xml
Nis 30 15:32:26 MSI-MCC-L plasmashell[48946]: LogicController: Failed to parse cache for https://www.ntv.com.tr/son-dakika.rss
Nis 30 15:32:26 MSI-MCC-L plasmashell[48946]: LogicController: Failed to parse cache for https://www.hurriyet.com.tr/rss/anasayfa
Nis 30 15:33:25 MSI-MCC-L plasmashell[48946]: LogicController: Failed to parse cache for https://teknoseyir.com/feed
Nis 30 15:33:25 MSI-MCC-L plasmashell[48946]: LogicController: Failed to parse cache for https://www.sozcu.com.tr/feeds-haberler
Nis 30 15:33:25 MSI-MCC-L plasmashell[48946]: LogicController: Failed to parse cache for https://www.cnnturk.com/feed/rss/all/news
Nis 30 15:33:25 MSI-MCC-L plasmashell[48946]: LogicController: Failed to parse cache for https://beyazgazete.com/rss/guncel.xml
Nis 30 15:33:25 MSI-MCC-L plasmashell[48946]: LogicController: Failed to parse cache for https://www.ntv.com.tr/son-dakika.rss
Nis 30 15:33:25 MSI-MCC-L plasmashell[48946]: LogicController: Failed to parse cache for https://www.hurriyet.com.tr/rss/anasayfa
Nis 30 15:34:24 MSI-MCC-L plasmashell[48946]: LogicController: Failed to parse cache for https://teknoseyir.com/feed
Nis 30 15:34:24 MSI-MCC-L plasmashell[48946]: LogicController: Failed to parse cache for https://www.sozcu.com.tr/feeds-haberler
Nis 30 15:34:24 MSI-MCC-L plasmashell[48946]: LogicController: Failed to parse cache for https://www.cnnturk.com/feed/rss/all/news
Nis 30 15:34:24 MSI-MCC-L plasmashell[48946]: LogicController: Failed to parse cache for https://beyazgazete.com/rss/guncel.xml
Nis 30 15:34:24 MSI-MCC-L plasmashell[48946]: LogicController: Failed to parse cache for https://www.ntv.com.tr/son-dakika.rss
Nis 30 15:34:24 MSI-MCC-L plasmashell[48946]: LogicController: Failed to parse cache for https://www.hurriyet.com.tr/rss/anasayfa
Nis 30 15:35:23 MSI-MCC-L plasmashell[48946]: LogicController: Failed to parse cache for https://teknoseyir.com/feed
Nis 30 15:35:23 MSI-MCC-L plasmashell[48946]: LogicController: Failed to parse cache for https://www.sozcu.com.tr/feeds-haberler
Nis 30 15:35:23 MSI-MCC-L plasmashell[48946]: LogicController: Failed to parse cache for https://www.cnnturk.com/feed/rss/all/news
Nis 30 15:35:23 MSI-MCC-L plasmashell[48946]: LogicController: Failed to parse cache for https://beyazgazete.com/rss/guncel.xml
Nis 30 15:35:23 MSI-MCC-L plasmashell[48946]: LogicController: Failed to parse cache for https://www.ntv.com.tr/son-dakika.rss
Nis 30 15:35:23 MSI-MCC-L plasmashell[48946]: LogicController: Failed to parse cache for https://www.hurriyet.com.tr/rss/anasayfa
Nis 30 15:36:22 MSI-MCC-L plasmashell[48946]: LogicController: Failed to parse cache for https://teknoseyir.com/feed
Nis 30 15:36:22 MSI-MCC-L plasmashell[48946]: LogicController: Failed to parse cache for https://www.sozcu.com.tr/feeds-haberler
Nis 30 15:36:22 MSI-MCC-L plasmashell[48946]: LogicController: Failed to parse cache for https://www.cnnturk.com/feed/rss/all/news
Nis 30 15:36:22 MSI-MCC-L plasmashell[48946]: LogicController: Failed to parse cache for https://beyazgazete.com/rss/guncel.xml
Nis 30 15:36:22 MSI-MCC-L plasmashell[48946]: LogicController: Failed to parse cache for https://www.ntv.com.tr/son-dakika.rss
Nis 30 15:36:22 MSI-MCC-L plasmashell[48946]: LogicController: Failed to parse cache for https://www.hurriyet.com.tr/rss/anasayfa
Nis 30 15:37:05 MSI-MCC-L plasmashell[48946]: file:///home/mcc45tr/.local/share/plasma/plasmoids/com.mcc45tr.filesearch/contents/ui/components/LogicController.qml:706: TypeError: undefined is not a function
Nis 30 15:37:21 MSI-MCC-L plasmashell[48946]: LogicController: Failed to parse cache for https://teknoseyir.com/feed
Nis 30 15:37:21 MSI-MCC-L plasmashell[48946]: LogicController: Failed to parse cache for https://www.sozcu.com.tr/feeds-haberler
Nis 30 15:37:21 MSI-MCC-L plasmashell[48946]: LogicController: Failed to parse cache for https://www.cnnturk.com/feed/rss/all/news
Nis 30 15:37:21 MSI-MCC-L plasmashell[48946]: LogicController: Failed to parse cache for https://beyazgazete.com/rss/guncel.xml
Nis 30 15:37:21 MSI-MCC-L plasmashell[48946]: LogicController: Failed to parse cache for https://www.ntv.com.tr/son-dakika.rss
Nis 30 15:37:21 MSI-MCC-L plasmashell[48946]: LogicController: Failed to parse cache for https://www.hurriyet.com.tr/rss/anasayfa
Nis 30 15:38:20 MSI-MCC-L plasmashell[48946]: LogicController: Failed to parse cache for https://teknoseyir.com/feed
Nis 30 15:38:20 MSI-MCC-L plasmashell[48946]: LogicController: Failed to parse cache for https://www.sozcu.com.tr/feeds-haberler
Nis 30 15:38:20 MSI-MCC-L plasmashell[48946]: LogicController: Failed to parse cache for https://www.cnnturk.com/feed/rss/all/news
Nis 30 15:38:20 MSI-MCC-L plasmashell[48946]: LogicController: Failed to parse cache for https://beyazgazete.com/rss/guncel.xml
Nis 30 15:38:20 MSI-MCC-L plasmashell[48946]: LogicController: Failed to parse cache for https://www.ntv.com.tr/son-dakika.rss
Nis 30 15:38:20 MSI-MCC-L plasmashell[48946]: LogicController: Failed to parse cache for https://www.hurriyet.com.tr/rss/anasayfa
Nis 30 15:39:19 MSI-MCC-L plasmashell[48946]: LogicController: Failed to parse cache for https://teknoseyir.com/feed
Nis 30 15:39:19 MSI-MCC-L plasmashell[48946]: LogicController: Failed to parse cache for https://www.sozcu.com.tr/feeds-haberler
Nis 30 15:39:19 MSI-MCC-L plasmashell[48946]: LogicController: Failed to parse cache for https://www.cnnturk.com/feed/rss/all/news
Nis 30 15:39:19 MSI-MCC-L plasmashell[48946]: LogicController: Failed to parse cache for https://beyazgazete.com/rss/guncel.xml
Nis 30 15:39:19 MSI-MCC-L plasmashell[48946]: LogicController: Failed to parse cache for https://www.ntv.com.tr/son-dakika.rss
Nis 30 15:39:19 MSI-MCC-L plasmashell[48946]: LogicController: Failed to parse cache for https://www.hurriyet.com.tr/rss/anasayfa
Nis 30 15:40:18 MSI-MCC-L plasmashell[48946]: LogicController: Failed to parse cache for https://teknoseyir.com/feed
Nis 30 15:40:18 MSI-MCC-L plasmashell[48946]: LogicController: Failed to parse cache for https://www.sozcu.com.tr/feeds-haberler
Nis 30 15:40:18 MSI-MCC-L plasmashell[48946]: LogicController: Failed to parse cache for https://www.cnnturk.com/feed/rss/all/news
Nis 30 15:40:18 MSI-MCC-L plasmashell[48946]: LogicController: Failed to parse cache for https://beyazgazete.com/rss/guncel.xml
Nis 30 15:40:18 MSI-MCC-L plasmashell[48946]: LogicController: Failed to parse cache for https://www.ntv.com.tr/son-dakika.rss
Nis 30 15:40:18 MSI-MCC-L plasmashell[48946]: LogicController: Failed to parse cache for https://www.hurriyet.com.tr/rss/anasayfa
Nis 30 15:41:17 MSI-MCC-L plasmashell[48946]: LogicController: Failed to parse cache for https://teknoseyir.com/feed
Nis 30 15:41:17 MSI-MCC-L plasmashell[48946]: LogicController: Failed to parse cache for https://www.sozcu.com.tr/feeds-haberler
Nis 30 15:41:17 MSI-MCC-L plasmashell[48946]: LogicController: Failed to parse cache for https://www.cnnturk.com/feed/rss/all/news
Nis 30 15:41:17 MSI-MCC-L plasmashell[48946]: LogicController: Failed to parse cache for https://beyazgazete.com/rss/guncel.xml
Nis 30 15:41:18 MSI-MCC-L plasmashell[48946]: LogicController: Failed to parse cache for https://www.ntv.com.tr/son-dakika.rss
Nis 30 15:41:18 MSI-MCC-L plasmashell[48946]: LogicController: Failed to parse cache for https://www.hurriyet.com.tr/rss/anasayfa
Nis 30 15:42:18 MSI-MCC-L plasmashell[48946]: LogicController: Failed to parse cache for https://teknoseyir.com/feed
Nis 30 15:42:18 MSI-MCC-L plasmashell[48946]: LogicController: Failed to parse cache for https://www.sozcu.com.tr/feeds-haberler
Nis 30 15:42:18 MSI-MCC-L plasmashell[48946]: LogicController: Failed to parse cache for https://www.cnnturk.com/feed/rss/all/news
Nis 30 15:42:18 MSI-MCC-L plasmashell[48946]: LogicController: Failed to parse cache for https://beyazgazete.com/rss/guncel.xml
Nis 30 15:42:18 MSI-MCC-L plasmashell[48946]: LogicController: Failed to parse cache for https://www.ntv.com.tr/son-dakika.rss
Nis 30 15:42:19 MSI-MCC-L plasmashell[48946]: LogicController: Failed to parse cache for https://www.hurriyet.com.tr/rss/anasayfa
Nis 30 15:43:18 MSI-MCC-L plasmashell[48946]: LogicController: Failed to parse cache for https://teknoseyir.com/feed
Nis 30 15:43:18 MSI-MCC-L plasmashell[48946]: LogicController: Failed to parse cache for https://www.sozcu.com.tr/feeds-haberler
Nis 30 15:43:18 MSI-MCC-L plasmashell[48946]: LogicController: Failed to parse cache for https://www.cnnturk.com/feed/rss/all/news
Nis 30 15:43:18 MSI-MCC-L plasmashell[48946]: LogicController: Failed to parse cache for https://beyazgazete.com/rss/guncel.xml
Nis 30 15:43:18 MSI-MCC-L plasmashell[48946]: LogicController: Failed to parse cache for https://www.ntv.com.tr/son-dakika.rss
Nis 30 15:43:18 MSI-MCC-L plasmashell[48946]: LogicController: Failed to parse cache for https://www.hurriyet.com.tr/rss/anasayfa
Nis 30 15:44:17 MSI-MCC-L plasmashell[48946]: LogicController: Failed to parse cache for https://teknoseyir.com/feed
Nis 30 15:44:17 MSI-MCC-L plasmashell[48946]: LogicController: Failed to parse cache for https://www.sozcu.com.tr/feeds-haberler
Nis 30 15:44:17 MSI-MCC-L plasmashell[48946]: LogicController: Failed to parse cache for https://www.cnnturk.com/feed/rss/all/news
Nis 30 15:44:17 MSI-MCC-L plasmashell[48946]: LogicController: Failed to parse cache for https://beyazgazete.com/rss/guncel.xml
Nis 30 15:44:17 MSI-MCC-L plasmashell[48946]: LogicController: Failed to parse cache for https://www.ntv.com.tr/son-dakika.rss
Nis 30 15:44:17 MSI-MCC-L plasmashell[48946]: LogicController: Failed to parse cache for https://www.hurriyet.com.tr/rss/anasayfa
Nis 30 15:45:20 MSI-MCC-L systemd-coredump[59696]: Process 48946 (plasmashell) of user 1000 dumped core.
                                                   #0  0x00007f30827b8651 _ZN3QV46Object12insertMemberEPNS_14StringOrSymbolEPKNS_8PropertyENS_18PropertyAttributesE (libQt6Qml.so.6 + 0x1b8651)
                                                   #1  0x00007f308273db46 n/a (libQt6Qml.so.6 + 0x13db46)
                                                   #2  0x00007f30827bfdb3 _ZN3QV46Object11internalPutENS_11PropertyKeyERKNS_5ValueEPS2_ (libQt6Qml.so.6 + 0x1bfdb3)
                                                   #3  0x00007f30827bfbf8 _ZN3QV46Object11internalPutENS_11PropertyKeyERKNS_5ValueEPS2_ (libQt6Qml.so.6 + 0x1bfbf8)
                                                   #4  0x00007f308280080b n/a (libQt6Qml.so.6 + 0x20080b)
                                                   #5  0x00007f3082800929 _ZN3QV47Runtime12StoreElement4callEPNS_15ExecutionEngineERKNS_5ValueES6_S6_ (libQt6Qml.so.6 + 0x200929)
                                                   #7  0x00007f30828474f4 n/a (libQt6Qml.so.6 + 0x2474f4)
                                                   #8  0x00007f30827a0524 n/a (libQt6Qml.so.6 + 0x1a0524)
                                                   #9  0x00007f30828075b2 _ZN3QV47Runtime28CallQmlContextPropertyLookup4callEPNS_15ExecutionEngineEjPNS_5ValueEi (libQt6Qml.so.6 + 0x2075b2)
                                                   #11 0x00007f30828474f4 n/a (libQt6Qml.so.6 + 0x2474f4)
                                                   #12 0x00007f3082792400 n/a (libQt6Qml.so.6 + 0x192400)
                                                   #13 0x00007f3082798609 _ZN3QV48Function4callEP7QObjectPPvPK9QMetaTypeiPNS_16ExecutionContextE (libQt6Qml.so.6 + 0x198609)
                                                   #14 0x00007f30828ef43a _ZN24QQmlJavaScriptExpression8evaluateEPPvPK9QMetaTypei (libQt6Qml.so.6 + 0x2ef43a)
                                                   #15 0x00007f3082881cc3 _ZN25QQmlBoundSignalExpression8evaluateEPPv (libQt6Qml.so.6 + 0x281cc3)
                                                   #16 0x00007f3082887040 n/a (libQt6Qml.so.6 + 0x287040)
                                                   #17 0x00007f30829125d2 _ZN12QQmlNotifier10emitNotifyEP20QQmlNotifierEndpointPPv (libQt6Qml.so.6 + 0x3125d2)
                                                   #19 0x00007f307ff008d2 _ZN9QQmlTimer6tickedEv (libQt6QmlMeta.so.6 + 0x1f8d2)
                                                   #20 0x00007f307ff0098c _ZN9QQmlTimer5eventEP6QEvent (libQt6QmlMeta.so.6 + 0x1f98c)
                                                   #21 0x00007f30835023a9 _ZN19QApplicationPrivate13notify_helperEP7QObjectP6QEvent (libQt6Widgets.so.6 + 0x1023a9)
                                                   #31 0x0000556beb1a3df4 n/a (/usr/bin/plasmashell + 0x27df4)
                                                   #34 0x0000556beb1a44f5 n/a (/usr/bin/plasmashell + 0x284f5)
Nis 30 15:45:21 MSI-MCC-L systemd[1744]: plasma-plasmashell.service: Main process exited, code=dumped, status=11/SEGV
Nis 30 15:45:21 MSI-MCC-L systemd[1744]: plasma-plasmashell.service: Failed with result 'core-dump'.
Nis 30 15:45:21 MSI-MCC-L systemd[1744]: plasma-plasmashell.service: Consumed 8min 56.807s CPU time over 55min 33.315s wall clock time, 540.4M memory peak.
Nis 30 15:45:21 MSI-MCC-L systemd[1744]: plasma-plasmashell.service: Scheduled restart job, restart counter is at 3.
Nis 30 15:45:22 MSI-MCC-L plasmashell[59742]: The theme "lightly-plasma-v4" uses the legacy metadata.desktop. Consider contacting the author and asking them update it to use the newer JSON format.
Nis 30 15:45:22 MSI-MCC-L plasmashell[59742]: The theme "lightly-plasma-v4" uses the legacy metadata.desktop. Consider contacting the author and asking them update it to use the newer JSON format.
Nis 30 15:45:22 MSI-MCC-L plasmashell[59742]: The theme "lightly-plasma-v4" uses the legacy metadata.desktop. Consider contacting the author and asking them update it to use the newer JSON format.
Nis 30 15:45:22 MSI-MCC-L plasmashell[59742]: Could not find required file "mainscript" for package "/usr/share/plasma/plasmoids/org.kde.plasma.icontasks/" should be QList("ui/main.qml")
Nis 30 15:45:22 MSI-MCC-L plasmashell[59742]: Member visible of the object PlasmaQuick::Dialog overrides a member of the base object. Consider renaming it or adding final or override specifier
Nis 30 15:45:22 MSI-MCC-L plasmashell[59742]: The theme "lightly-plasma-v4" uses the legacy metadata.desktop. Consider contacting the author and asking them update it to use the newer JSON format.
Nis 30 15:45:22 MSI-MCC-L plasmashell[59742]: Member enabled of the object DeclarativeDropArea overrides a member of the base object. Consider renaming it or adding final or override specifier
Nis 30 15:45:22 MSI-MCC-L plasmashell[59742]: Member enabled of the object NotificationManager_QMLTYPE_204 overrides a member of the base object. Consider renaming it or adding final or override specifier
Nis 30 15:45:23 MSI-MCC-L plasmashell[59742]: [MPRIS] Player changed. Shuffle: 0 number | LoopStatus: 0 number
Nis 30 15:45:23 MSI-MCC-L plasmashell[59742]: [MPRIS] Player changed. Shuffle: 0 number | LoopStatus: 1 number
Nis 30 15:45:25 MSI-MCC-L plasmashell[59742]: BootDataManager: Component completed. Cache size: 950
Nis 30 15:45:25 MSI-MCC-L plasmashell[59742]: BootDataManager: Loading from cache (limine)
Nis 30 15:45:25 MSI-MCC-L plasmashell[59742]: FileSearch: LogicController initialized
Nis 30 15:45:26 MSI-MCC-L plasmashell[59742]: file:///home/mcc45tr/.local/share/plasma/plasmoids/com.mcc45tr.musicplayer/contents/ui/modes/PanelMode.qml:282:25: QML Binding: Binding loop detected for property "value":
                                              file:///home/mcc45tr/.local/share/plasma/plasmoids/com.mcc45tr.musicplayer/contents/ui/modes/PanelMode.qml:285:29
Nis 30 15:45:26 MSI-MCC-L plasmashell[59742]: [MPRIS] Player changed. Shuffle: 0 number | LoopStatus: 1 number
Nis 30 15:45:27 MSI-MCC-L plasmashell[59742]: BootDataManager: New Data from sh "/home/mcc45tr/.local/share/plasma/plasmoids/com.mcc45tr.mselectivereboot/contents/tools/find_windows_mount.sh"
Nis 30 15:45:27 MSI-MCC-L plasmashell[59742]: BootDataManager: Data keys: exit code, exit status, stderr, stdout
Nis 30 15:45:27 MSI-MCC-L plasmashell[59742]: BootDataManager: Received Windows Version
Nis 30 15:45:27 MSI-MCC-L plasmashell[59742]: LogicController: Failed to parse cache for https://teknoseyir.com/feed
Nis 30 15:45:28 MSI-MCC-L plasmashell[59742]: LogicController: Failed to parse cache for https://www.sozcu.com.tr/feeds-haberler
Nis 30 15:45:28 MSI-MCC-L plasmashell[59742]: LogicController: Failed to parse cache for https://www.cnnturk.com/feed/rss/all/news
Nis 30 15:45:28 MSI-MCC-L plasmashell[59742]: LogicController: Failed to parse cache for https://beyazgazete.com/rss/guncel.xml
Nis 30 15:45:28 MSI-MCC-L plasmashell[59742]: LogicController: Failed to parse cache for https://www.ntv.com.tr/son-dakika.rss
Nis 30 15:45:28 MSI-MCC-L plasmashell[59742]: LogicController: Failed to parse cache for https://www.hurriyet.com.tr/rss/anasayfa
Nis 30 15:45:29 MSI-MCC-L plasmashell[59742]: Connecting to deprecated signal QDBusConnectionInterface::serviceOwnerChanged(QString,QString,QString)
Nis 30 15:45:45 MSI-MCC-L plasmashell[59742]: LogicController: Failed to parse cache for https://teknoseyir.com/feed
Nis 30 15:45:45 MSI-MCC-L plasmashell[59742]: LogicController: Failed to parse cache for https://www.sozcu.com.tr/feeds-haberler
Nis 30 15:45:45 MSI-MCC-L plasmashell[59742]: LogicController: Failed to parse cache for https://www.cnnturk.com/feed/rss/all/news
Nis 30 15:45:45 MSI-MCC-L plasmashell[59742]: LogicController: Failed to parse cache for https://beyazgazete.com/rss/guncel.xml
Nis 30 15:45:45 MSI-MCC-L plasmashell[59742]: LogicController: Failed to parse cache for https://www.ntv.com.tr/son-dakika.rss
Nis 30 15:45:45 MSI-MCC-L plasmashell[59742]: LogicController: Failed to parse cache for https://www.hurriyet.com.tr/rss/anasayfa
Nis 30 15:46:44 MSI-MCC-L plasmashell[59742]: LogicController: Failed to parse cache for https://teknoseyir.com/feed
Nis 30 15:46:44 MSI-MCC-L plasmashell[59742]: LogicController: Failed to parse cache for https://www.sozcu.com.tr/feeds-haberler
Nis 30 15:46:44 MSI-MCC-L plasmashell[59742]: LogicController: Failed to parse cache for https://www.cnnturk.com/feed/rss/all/news
Nis 30 15:46:44 MSI-MCC-L plasmashell[59742]: LogicController: Failed to parse cache for https://beyazgazete.com/rss/guncel.xml
Nis 30 15:46:44 MSI-MCC-L plasmashell[59742]: LogicController: Failed to parse cache for https://www.ntv.com.tr/son-dakika.rss
Nis 30 15:46:44 MSI-MCC-L plasmashell[59742]: LogicController: Failed to parse cache for https://www.hurriyet.com.tr/rss/anasayfa
Nis 30 15:47:43 MSI-MCC-L plasmashell[59742]: LogicController: Failed to parse cache for https://teknoseyir.com/feed
Nis 30 15:47:43 MSI-MCC-L plasmashell[59742]: LogicController: Failed to parse cache for https://www.sozcu.com.tr/feeds-haberler
Nis 30 15:47:43 MSI-MCC-L plasmashell[59742]: LogicController: Failed to parse cache for https://www.cnnturk.com/feed/rss/all/news
Nis 30 15:47:43 MSI-MCC-L plasmashell[59742]: LogicController: Failed to parse cache for https://beyazgazete.com/rss/guncel.xml
Nis 30 15:47:43 MSI-MCC-L plasmashell[59742]: LogicController: Failed to parse cache for https://www.ntv.com.tr/son-dakika.rss
Nis 30 15:47:43 MSI-MCC-L plasmashell[59742]: LogicController: Failed to parse cache for https://www.hurriyet.com.tr/rss/anasayfa
Nis 30 15:48:42 MSI-MCC-L plasmashell[59742]: LogicController: Failed to parse cache for https://teknoseyir.com/feed
Nis 30 15:48:42 MSI-MCC-L plasmashell[59742]: LogicController: Failed to parse cache for https://www.sozcu.com.tr/feeds-haberler
Nis 30 15:48:42 MSI-MCC-L plasmashell[59742]: LogicController: Failed to parse cache for https://www.cnnturk.com/feed/rss/all/news
Nis 30 15:48:42 MSI-MCC-L plasmashell[59742]: LogicController: Failed to parse cache for https://beyazgazete.com/rss/guncel.xml
Nis 30 15:48:42 MSI-MCC-L plasmashell[59742]: LogicController: Failed to parse cache for https://www.ntv.com.tr/son-dakika.rss
Nis 30 15:48:42 MSI-MCC-L plasmashell[59742]: LogicController: Failed to parse cache for https://www.hurriyet.com.tr/rss/anasayfa
Nis 30 15:49:41 MSI-MCC-L plasmashell[59742]: LogicController: Failed to parse cache for https://teknoseyir.com/feed
Nis 30 15:49:41 MSI-MCC-L plasmashell[59742]: LogicController: Failed to parse cache for https://www.sozcu.com.tr/feeds-haberler
Nis 30 15:49:41 MSI-MCC-L plasmashell[59742]: LogicController: Failed to parse cache for https://www.cnnturk.com/feed/rss/all/news
Nis 30 15:49:41 MSI-MCC-L plasmashell[59742]: LogicController: Failed to parse cache for https://beyazgazete.com/rss/guncel.xml
Nis 30 15:49:41 MSI-MCC-L plasmashell[59742]: LogicController: Failed to parse cache for https://www.ntv.com.tr/son-dakika.rss
Nis 30 15:49:41 MSI-MCC-L plasmashell[59742]: LogicController: Failed to parse cache for https://www.hurriyet.com.tr/rss/anasayfa
Nis 30 15:50:40 MSI-MCC-L plasmashell[59742]: LogicController: Failed to parse cache for https://teknoseyir.com/feed
Nis 30 15:50:40 MSI-MCC-L plasmashell[59742]: LogicController: Failed to parse cache for https://www.sozcu.com.tr/feeds-haberler
Nis 30 15:50:40 MSI-MCC-L plasmashell[59742]: LogicController: Failed to parse cache for https://www.cnnturk.com/feed/rss/all/news
Nis 30 15:50:40 MSI-MCC-L plasmashell[59742]: LogicController: Failed to parse cache for https://beyazgazete.com/rss/guncel.xml
Nis 30 15:50:40 MSI-MCC-L plasmashell[59742]: LogicController: Failed to parse cache for https://www.ntv.com.tr/son-dakika.rss
Nis 30 15:50:40 MSI-MCC-L plasmashell[59742]: LogicController: Failed to parse cache for https://www.hurriyet.com.tr/rss/anasayfa
Nis 30 15:51:38 MSI-MCC-L plasmashell[59742]: LogicController: Failed to parse cache for https://teknoseyir.com/feed
Nis 30 15:51:39 MSI-MCC-L plasmashell[59742]: LogicController: Failed to parse cache for https://www.sozcu.com.tr/feeds-haberler
Nis 30 15:51:39 MSI-MCC-L plasmashell[59742]: LogicController: Failed to parse cache for https://www.cnnturk.com/feed/rss/all/news
Nis 30 15:51:39 MSI-MCC-L plasmashell[59742]: LogicController: Failed to parse cache for https://beyazgazete.com/rss/guncel.xml
Nis 30 15:51:39 MSI-MCC-L plasmashell[59742]: LogicController: Failed to parse cache for https://www.ntv.com.tr/son-dakika.rss
Nis 30 15:51:39 MSI-MCC-L plasmashell[59742]: LogicController: Failed to parse cache for https://www.hurriyet.com.tr/rss/anasayfa
Nis 30 15:52:37 MSI-MCC-L plasmashell[59742]: LogicController: Failed to parse cache for https://teknoseyir.com/feed
Nis 30 15:52:37 MSI-MCC-L plasmashell[59742]: LogicController: Failed to parse cache for https://www.sozcu.com.tr/feeds-haberler
Nis 30 15:52:37 MSI-MCC-L plasmashell[59742]: LogicController: Failed to parse cache for https://www.cnnturk.com/feed/rss/all/news
Nis 30 15:52:37 MSI-MCC-L plasmashell[59742]: LogicController: Failed to parse cache for https://beyazgazete.com/rss/guncel.xml
Nis 30 15:52:37 MSI-MCC-L plasmashell[59742]: LogicController: Failed to parse cache for https://www.ntv.com.tr/son-dakika.rss
Nis 30 15:52:38 MSI-MCC-L plasmashell[59742]: LogicController: Failed to parse cache for https://www.hurriyet.com.tr/rss/anasayfa
Nis 30 15:53:36 MSI-MCC-L plasmashell[59742]: LogicController: Failed to parse cache for https://teknoseyir.com/feed
Nis 30 15:53:36 MSI-MCC-L plasmashell[59742]: LogicController: Failed to parse cache for https://www.sozcu.com.tr/feeds-haberler
Nis 30 15:53:36 MSI-MCC-L plasmashell[59742]: LogicController: Failed to parse cache for https://www.cnnturk.com/feed/rss/all/news
Nis 30 15:53:36 MSI-MCC-L plasmashell[59742]: LogicController: Failed to parse cache for https://beyazgazete.com/rss/guncel.xml
Nis 30 15:53:36 MSI-MCC-L plasmashell[59742]: LogicController: Failed to parse cache for https://www.ntv.com.tr/son-dakika.rss
Nis 30 15:53:36 MSI-MCC-L plasmashell[59742]: LogicController: Failed to parse cache for https://www.hurriyet.com.tr/rss/anasayfa
Nis 30 15:54:35 MSI-MCC-L plasmashell[59742]: LogicController: Failed to parse cache for https://teknoseyir.com/feed
Nis 30 15:54:35 MSI-MCC-L plasmashell[59742]: LogicController: Failed to parse cache for https://www.sozcu.com.tr/feeds-haberler
Nis 30 15:54:35 MSI-MCC-L plasmashell[59742]: LogicController: Failed to parse cache for https://www.cnnturk.com/feed/rss/all/news
Nis 30 15:54:35 MSI-MCC-L plasmashell[59742]: LogicController: Failed to parse cache for https://beyazgazete.com/rss/guncel.xml
Nis 30 15:54:35 MSI-MCC-L plasmashell[59742]: LogicController: Failed to parse cache for https://www.ntv.com.tr/son-dakika.rss
Nis 30 15:54:35 MSI-MCC-L plasmashell[59742]: LogicController: Failed to parse cache for https://www.hurriyet.com.tr/rss/anasayfa
Nis 30 15:55:34 MSI-MCC-L plasmashell[59742]: LogicController: Failed to parse cache for https://teknoseyir.com/feed
Nis 30 15:55:34 MSI-MCC-L plasmashell[59742]: LogicController: Failed to parse cache for https://www.sozcu.com.tr/feeds-haberler
Nis 30 15:55:34 MSI-MCC-L plasmashell[59742]: LogicController: Failed to parse cache for https://www.cnnturk.com/feed/rss/all/news
Nis 30 15:55:34 MSI-MCC-L plasmashell[59742]: LogicController: Failed to parse cache for https://beyazgazete.com/rss/guncel.xml
Nis 30 15:55:34 MSI-MCC-L plasmashell[59742]: LogicController: Failed to parse cache for https://www.ntv.com.tr/son-dakika.rss
Nis 30 15:55:34 MSI-MCC-L plasmashell[59742]: LogicController: Failed to parse cache for https://www.hurriyet.com.tr/rss/anasayfa
Nis 30 15:56:33 MSI-MCC-L plasmashell[59742]: LogicController: Failed to parse cache for https://teknoseyir.com/feed
Nis 30 15:56:33 MSI-MCC-L plasmashell[59742]: LogicController: Failed to parse cache for https://www.sozcu.com.tr/feeds-haberler
Nis 30 15:56:33 MSI-MCC-L plasmashell[59742]: LogicController: Failed to parse cache for https://www.cnnturk.com/feed/rss/all/news
Nis 30 15:56:33 MSI-MCC-L plasmashell[59742]: LogicController: Failed to parse cache for https://beyazgazete.com/rss/guncel.xml
Nis 30 15:56:33 MSI-MCC-L plasmashell[59742]: LogicController: Failed to parse cache for https://www.ntv.com.tr/son-dakika.rss
Nis 30 15:56:33 MSI-MCC-L plasmashell[59742]: LogicController: Failed to parse cache for https://www.hurriyet.com.tr/rss/anasayfa
Nis 30 15:57:32 MSI-MCC-L plasmashell[59742]: LogicController: Failed to parse cache for https://teknoseyir.com/feed
Nis 30 15:57:32 MSI-MCC-L plasmashell[59742]: LogicController: Failed to parse cache for https://www.sozcu.com.tr/feeds-haberler
Nis 30 15:57:32 MSI-MCC-L plasmashell[59742]: LogicController: Failed to parse cache for https://www.cnnturk.com/feed/rss/all/news
Nis 30 15:57:32 MSI-MCC-L plasmashell[59742]: LogicController: Failed to parse cache for https://beyazgazete.com/rss/guncel.xml
Nis 30 15:57:32 MSI-MCC-L plasmashell[59742]: LogicController: Failed to parse cache for https://www.ntv.com.tr/son-dakika.rss
Nis 30 15:57:32 MSI-MCC-L plasmashell[59742]: LogicController: Failed to parse cache for https://www.hurriyet.com.tr/rss/anasayfa
Nis 30 15:58:30 MSI-MCC-L plasmashell[59742]: LogicController: Failed to parse cache for https://teknoseyir.com/feed
Nis 30 15:58:30 MSI-MCC-L plasmashell[59742]: LogicController: Failed to parse cache for https://www.sozcu.com.tr/feeds-haberler
Nis 30 15:58:31 MSI-MCC-L plasmashell[59742]: LogicController: Failed to parse cache for https://www.cnnturk.com/feed/rss/all/news
Nis 30 15:58:31 MSI-MCC-L plasmashell[59742]: LogicController: Failed to parse cache for https://beyazgazete.com/rss/guncel.xml
Nis 30 15:58:31 MSI-MCC-L plasmashell[59742]: LogicController: Failed to parse cache for https://www.ntv.com.tr/son-dakika.rss
Nis 30 15:58:31 MSI-MCC-L plasmashell[59742]: LogicController: Failed to parse cache for https://www.hurriyet.com.tr/rss/anasayfa
Nis 30 15:59:13 MSI-MCC-L kscreenlocker_greet[61741]: Member contentWidth of the object PopupList_QMLTYPE_136 overrides a member of the base object. Consider renaming it or adding final or override specifier
Nis 30 15:59:30 MSI-MCC-L plasmashell[59742]: LogicController: Failed to parse cache for https://teknoseyir.com/feed
Nis 30 15:59:30 MSI-MCC-L plasmashell[59742]: LogicController: Failed to parse cache for https://www.sozcu.com.tr/feeds-haberler
Nis 30 15:59:30 MSI-MCC-L plasmashell[59742]: LogicController: Failed to parse cache for https://www.cnnturk.com/feed/rss/all/news
Nis 30 15:59:30 MSI-MCC-L plasmashell[59742]: LogicController: Failed to parse cache for https://beyazgazete.com/rss/guncel.xml
Nis 30 15:59:30 MSI-MCC-L plasmashell[59742]: LogicController: Failed to parse cache for https://www.ntv.com.tr/son-dakika.rss
Nis 30 15:59:30 MSI-MCC-L plasmashell[59742]: LogicController: Failed to parse cache for https://www.hurriyet.com.tr/rss/anasayfa
Nis 30 16:00:12 MSI-MCC-L plasmashell[59742]: Detected location from IP: Salihli
Nis 30 16:00:12 MSI-MCC-L plasmashell[59742]: Fetching weather using provider: openmeteo, days: 12
Nis 30 16:00:28 MSI-MCC-L plasmashell[59742]: LogicController: Failed to parse cache for https://teknoseyir.com/feed
Nis 30 16:00:29 MSI-MCC-L plasmashell[59742]: LogicController: Failed to parse cache for https://www.sozcu.com.tr/feeds-haberler
Nis 30 16:00:29 MSI-MCC-L plasmashell[59742]: LogicController: Failed to parse cache for https://www.cnnturk.com/feed/rss/all/news
Nis 30 16:00:29 MSI-MCC-L plasmashell[59742]: LogicController: Failed to parse cache for https://beyazgazete.com/rss/guncel.xml
Nis 30 16:00:29 MSI-MCC-L plasmashell[59742]: LogicController: Failed to parse cache for https://www.ntv.com.tr/son-dakika.rss
Nis 30 16:00:29 MSI-MCC-L plasmashell[59742]: LogicController: Failed to parse cache for https://www.hurriyet.com.tr/rss/anasayfa
Nis 30 16:01:28 MSI-MCC-L plasmashell[59742]: LogicController: Failed to parse cache for https://teknoseyir.com/feed
Nis 30 16:01:28 MSI-MCC-L plasmashell[59742]: LogicController: Failed to parse cache for https://www.sozcu.com.tr/feeds-haberler
Nis 30 16:01:28 MSI-MCC-L plasmashell[59742]: LogicController: Failed to parse cache for https://www.cnnturk.com/feed/rss/all/news
Nis 30 16:01:28 MSI-MCC-L plasmashell[59742]: LogicController: Failed to parse cache for https://beyazgazete.com/rss/guncel.xml
Nis 30 16:01:28 MSI-MCC-L plasmashell[59742]: LogicController: Failed to parse cache for https://www.ntv.com.tr/son-dakika.rss
Nis 30 16:01:28 MSI-MCC-L plasmashell[59742]: LogicController: Failed to parse cache for https://www.hurriyet.com.tr/rss/anasayfa
Nis 30 16:02:27 MSI-MCC-L plasmashell[59742]: LogicController: Failed to parse cache for https://teknoseyir.com/feed
Nis 30 16:02:27 MSI-MCC-L plasmashell[59742]: LogicController: Failed to parse cache for https://www.sozcu.com.tr/feeds-haberler
Nis 30 16:02:27 MSI-MCC-L plasmashell[59742]: LogicController: Failed to parse cache for https://www.cnnturk.com/feed/rss/all/news
Nis 30 16:02:27 MSI-MCC-L plasmashell[59742]: LogicController: Failed to parse cache for https://beyazgazete.com/rss/guncel.xml
Nis 30 16:02:27 MSI-MCC-L plasmashell[59742]: LogicController: Failed to parse cache for https://www.ntv.com.tr/son-dakika.rss
Nis 30 16:02:27 MSI-MCC-L plasmashell[59742]: LogicController: Failed to parse cache for https://www.hurriyet.com.tr/rss/anasayfa
Nis 30 16:03:25 MSI-MCC-L plasmashell[59742]: LogicController: Failed to parse cache for https://teknoseyir.com/feed
Nis 30 16:03:26 MSI-MCC-L plasmashell[59742]: LogicController: Failed to parse cache for https://www.sozcu.com.tr/feeds-haberler
Nis 30 16:03:26 MSI-MCC-L plasmashell[59742]: LogicController: Failed to parse cache for https://www.cnnturk.com/feed/rss/all/news
Nis 30 16:03:26 MSI-MCC-L plasmashell[59742]: LogicController: Failed to parse cache for https://beyazgazete.com/rss/guncel.xml
Nis 30 16:03:26 MSI-MCC-L plasmashell[59742]: LogicController: Failed to parse cache for https://www.ntv.com.tr/son-dakika.rss
Nis 30 16:03:26 MSI-MCC-L plasmashell[59742]: LogicController: Failed to parse cache for https://www.hurriyet.com.tr/rss/anasayfa
Nis 30 16:04:24 MSI-MCC-L plasmashell[59742]: LogicController: Failed to parse cache for https://teknoseyir.com/feed
Nis 30 16:04:24 MSI-MCC-L plasmashell[59742]: LogicController: Failed to parse cache for https://www.sozcu.com.tr/feeds-haberler
Nis 30 16:04:24 MSI-MCC-L plasmashell[59742]: LogicController: Failed to parse cache for https://www.cnnturk.com/feed/rss/all/news
Nis 30 16:04:25 MSI-MCC-L plasmashell[59742]: LogicController: Failed to parse cache for https://beyazgazete.com/rss/guncel.xml
Nis 30 16:04:25 MSI-MCC-L plasmashell[59742]: LogicController: Failed to parse cache for https://www.ntv.com.tr/son-dakika.rss
Nis 30 16:04:25 MSI-MCC-L plasmashell[59742]: LogicController: Failed to parse cache for https://www.hurriyet.com.tr/rss/anasayfa
Nis 30 16:05:23 MSI-MCC-L plasmashell[59742]: LogicController: Failed to parse cache for https://teknoseyir.com/feed
Nis 30 16:05:23 MSI-MCC-L plasmashell[59742]: LogicController: Failed to parse cache for https://www.sozcu.com.tr/feeds-haberler
Nis 30 16:05:23 MSI-MCC-L plasmashell[59742]: LogicController: Failed to parse cache for https://www.cnnturk.com/feed/rss/all/news
Nis 30 16:05:23 MSI-MCC-L plasmashell[59742]: LogicController: Failed to parse cache for https://beyazgazete.com/rss/guncel.xml
Nis 30 16:05:23 MSI-MCC-L plasmashell[59742]: LogicController: Failed to parse cache for https://www.ntv.com.tr/son-dakika.rss
Nis 30 16:05:23 MSI-MCC-L plasmashell[59742]: LogicController: Failed to parse cache for https://www.hurriyet.com.tr/rss/anasayfa
Nis 30 16:06:13 MSI-MCC-L kscreenlocker_greet[62806]: Member contentWidth of the object PopupList_QMLTYPE_128 overrides a member of the base object. Consider renaming it or adding final or override specifier
Nis 30 16:06:22 MSI-MCC-L plasmashell[59742]: LogicController: Failed to parse cache for https://teknoseyir.com/feed
Nis 30 16:06:23 MSI-MCC-L plasmashell[59742]: LogicController: Failed to parse cache for https://www.sozcu.com.tr/feeds-haberler
Nis 30 16:06:23 MSI-MCC-L plasmashell[59742]: LogicController: Failed to parse cache for https://www.cnnturk.com/feed/rss/all/news
Nis 30 16:06:23 MSI-MCC-L plasmashell[59742]: LogicController: Failed to parse cache for https://beyazgazete.com/rss/guncel.xml
Nis 30 16:06:23 MSI-MCC-L plasmashell[59742]: LogicController: Failed to parse cache for https://www.ntv.com.tr/son-dakika.rss
Nis 30 16:06:23 MSI-MCC-L plasmashell[59742]: LogicController: Failed to parse cache for https://www.hurriyet.com.tr/rss/anasayfa
Nis 30 16:06:33 MSI-MCC-L plasmashell[59742]: Invalid path data; path truncated.
Nis 30 16:06:35 MSI-MCC-L plasmashell[59742]: Begin Suppressing sleep signal arrived
Nis 30 16:07:23 MSI-MCC-L plasmashell[59742]: LogicController: Failed to parse cache for https://teknoseyir.com/feed
Nis 30 16:07:23 MSI-MCC-L plasmashell[59742]: LogicController: Failed to parse cache for https://www.sozcu.com.tr/feeds-haberler
Nis 30 16:07:23 MSI-MCC-L plasmashell[59742]: LogicController: Failed to parse cache for https://www.cnnturk.com/feed/rss/all/news
Nis 30 16:07:23 MSI-MCC-L plasmashell[59742]: LogicController: Failed to parse cache for https://beyazgazete.com/rss/guncel.xml
Nis 30 16:07:23 MSI-MCC-L plasmashell[59742]: LogicController: Failed to parse cache for https://www.ntv.com.tr/son-dakika.rss
Nis 30 16:07:23 MSI-MCC-L plasmashell[59742]: LogicController: Failed to parse cache for https://www.hurriyet.com.tr/rss/anasayfa
Nis 30 16:08:22 MSI-MCC-L plasmashell[59742]: LogicController: Failed to parse cache for https://teknoseyir.com/feed
Nis 30 16:08:22 MSI-MCC-L plasmashell[59742]: LogicController: Failed to parse cache for https://www.sozcu.com.tr/feeds-haberler
Nis 30 16:08:22 MSI-MCC-L plasmashell[59742]: LogicController: Failed to parse cache for https://www.cnnturk.com/feed/rss/all/news
Nis 30 16:08:22 MSI-MCC-L plasmashell[59742]: LogicController: Failed to parse cache for https://beyazgazete.com/rss/guncel.xml
Nis 30 16:08:22 MSI-MCC-L plasmashell[59742]: LogicController: Failed to parse cache for https://www.ntv.com.tr/son-dakika.rss
Nis 30 16:08:22 MSI-MCC-L plasmashell[59742]: LogicController: Failed to parse cache for https://www.hurriyet.com.tr/rss/anasayfa
Nis 30 16:09:21 MSI-MCC-L plasmashell[59742]: LogicController: Failed to parse cache for https://teknoseyir.com/feed
Nis 30 16:09:21 MSI-MCC-L plasmashell[59742]: LogicController: Failed to parse cache for https://www.sozcu.com.tr/feeds-haberler
Nis 30 16:09:21 MSI-MCC-L plasmashell[59742]: LogicController: Failed to parse cache for https://www.cnnturk.com/feed/rss/all/news
Nis 30 16:09:21 MSI-MCC-L plasmashell[59742]: LogicController: Failed to parse cache for https://beyazgazete.com/rss/guncel.xml
Nis 30 16:09:21 MSI-MCC-L plasmashell[59742]: LogicController: Failed to parse cache for https://www.ntv.com.tr/son-dakika.rss
Nis 30 16:09:21 MSI-MCC-L plasmashell[59742]: LogicController: Failed to parse cache for https://www.hurriyet.com.tr/rss/anasayfa
Nis 30 16:10:20 MSI-MCC-L plasmashell[59742]: LogicController: Failed to parse cache for https://teknoseyir.com/feed
Nis 30 16:10:20 MSI-MCC-L plasmashell[59742]: LogicController: Failed to parse cache for https://www.sozcu.com.tr/feeds-haberler
Nis 30 16:10:20 MSI-MCC-L plasmashell[59742]: LogicController: Failed to parse cache for https://www.cnnturk.com/feed/rss/all/news
Nis 30 16:10:20 MSI-MCC-L plasmashell[59742]: LogicController: Failed to parse cache for https://beyazgazete.com/rss/guncel.xml
Nis 30 16:10:20 MSI-MCC-L plasmashell[59742]: LogicController: Failed to parse cache for https://www.ntv.com.tr/son-dakika.rss
Nis 30 16:10:20 MSI-MCC-L plasmashell[59742]: LogicController: Failed to parse cache for https://www.hurriyet.com.tr/rss/anasayfa
Nis 30 16:11:19 MSI-MCC-L plasmashell[59742]: LogicController: Failed to parse cache for https://teknoseyir.com/feed
Nis 30 16:11:19 MSI-MCC-L plasmashell[59742]: LogicController: Failed to parse cache for https://www.sozcu.com.tr/feeds-haberler
Nis 30 16:11:19 MSI-MCC-L plasmashell[59742]: LogicController: Failed to parse cache for https://www.cnnturk.com/feed/rss/all/news
Nis 30 16:11:19 MSI-MCC-L plasmashell[59742]: LogicController: Failed to parse cache for https://beyazgazete.com/rss/guncel.xml
Nis 30 16:11:19 MSI-MCC-L plasmashell[59742]: LogicController: Failed to parse cache for https://www.ntv.com.tr/son-dakika.rss
Nis 30 16:11:19 MSI-MCC-L plasmashell[59742]: LogicController: Failed to parse cache for https://www.hurriyet.com.tr/rss/anasayfa
Nis 30 16:12:18 MSI-MCC-L plasmashell[59742]: LogicController: Failed to parse cache for https://teknoseyir.com/feed
Nis 30 16:12:18 MSI-MCC-L plasmashell[59742]: LogicController: Failed to parse cache for https://www.sozcu.com.tr/feeds-haberler
Nis 30 16:12:18 MSI-MCC-L plasmashell[59742]: LogicController: Failed to parse cache for https://www.cnnturk.com/feed/rss/all/news
Nis 30 16:12:18 MSI-MCC-L plasmashell[59742]: LogicController: Failed to parse cache for https://beyazgazete.com/rss/guncel.xml
Nis 30 16:12:18 MSI-MCC-L plasmashell[59742]: LogicController: Failed to parse cache for https://www.ntv.com.tr/son-dakika.rss
Nis 30 16:12:18 MSI-MCC-L plasmashell[59742]: LogicController: Failed to parse cache for https://www.hurriyet.com.tr/rss/anasayfa
Nis 30 16:13:17 MSI-MCC-L plasmashell[59742]: LogicController: Failed to parse cache for https://teknoseyir.com/feed
Nis 30 16:13:17 MSI-MCC-L plasmashell[59742]: LogicController: Failed to parse cache for https://www.sozcu.com.tr/feeds-haberler
Nis 30 16:13:17 MSI-MCC-L plasmashell[59742]: LogicController: Failed to parse cache for https://www.cnnturk.com/feed/rss/all/news
Nis 30 16:13:17 MSI-MCC-L plasmashell[59742]: LogicController: Failed to parse cache for https://beyazgazete.com/rss/guncel.xml
Nis 30 16:13:17 MSI-MCC-L plasmashell[59742]: LogicController: Failed to parse cache for https://www.ntv.com.tr/son-dakika.rss
Nis 30 16:13:17 MSI-MCC-L plasmashell[59742]: LogicController: Failed to parse cache for https://www.hurriyet.com.tr/rss/anasayfa
Nis 30 16:14:16 MSI-MCC-L plasmashell[59742]: LogicController: Failed to parse cache for https://teknoseyir.com/feed
Nis 30 16:14:16 MSI-MCC-L plasmashell[59742]: LogicController: Failed to parse cache for https://www.sozcu.com.tr/feeds-haberler
Nis 30 16:14:16 MSI-MCC-L plasmashell[59742]: LogicController: Failed to parse cache for https://www.cnnturk.com/feed/rss/all/news
Nis 30 16:14:16 MSI-MCC-L plasmashell[59742]: LogicController: Failed to parse cache for https://beyazgazete.com/rss/guncel.xml
Nis 30 16:14:16 MSI-MCC-L plasmashell[59742]: LogicController: Failed to parse cache for https://www.ntv.com.tr/son-dakika.rss
Nis 30 16:14:16 MSI-MCC-L plasmashell[59742]: LogicController: Failed to parse cache for https://www.hurriyet.com.tr/rss/anasayfa
Nis 30 16:15:15 MSI-MCC-L plasmashell[59742]: LogicController: Failed to parse cache for https://teknoseyir.com/feed
Nis 30 16:15:15 MSI-MCC-L plasmashell[59742]: LogicController: Failed to parse cache for https://www.sozcu.com.tr/feeds-haberler
Nis 30 16:15:15 MSI-MCC-L plasmashell[59742]: LogicController: Failed to parse cache for https://www.cnnturk.com/feed/rss/all/news
Nis 30 16:15:15 MSI-MCC-L plasmashell[59742]: LogicController: Failed to parse cache for https://beyazgazete.com/rss/guncel.xml
Nis 30 16:15:15 MSI-MCC-L plasmashell[59742]: LogicController: Failed to parse cache for https://www.ntv.com.tr/son-dakika.rss
Nis 30 16:15:16 MSI-MCC-L plasmashell[59742]: LogicController: Failed to parse cache for https://www.hurriyet.com.tr/rss/anasayfa
Nis 30 16:15:51 MSI-MCC-L plasmashell[59742]: qrc:/qt/qml/plasma/applet/org/kde/plasma/notifications/global/Globals.qml:519:13: Unable to assign [undefined] to bool
Nis 30 16:16:14 MSI-MCC-L plasmashell[59742]: LogicController: Failed to parse cache for https://teknoseyir.com/feed
Nis 30 16:16:15 MSI-MCC-L plasmashell[59742]: LogicController: Failed to parse cache for https://www.sozcu.com.tr/feeds-haberler
Nis 30 16:16:15 MSI-MCC-L plasmashell[59742]: LogicController: Failed to parse cache for https://www.cnnturk.com/feed/rss/all/news
Nis 30 16:16:15 MSI-MCC-L plasmashell[59742]: LogicController: Failed to parse cache for https://beyazgazete.com/rss/guncel.xml
Nis 30 16:16:15 MSI-MCC-L plasmashell[59742]: LogicController: Failed to parse cache for https://www.ntv.com.tr/son-dakika.rss
Nis 30 16:16:15 MSI-MCC-L plasmashell[59742]: LogicController: Failed to parse cache for https://www.hurriyet.com.tr/rss/anasayfa
Nis 30 16:17:13 MSI-MCC-L plasmashell[59742]: LogicController: Failed to parse cache for https://teknoseyir.com/feed
Nis 30 16:17:13 MSI-MCC-L plasmashell[59742]: LogicController: Failed to parse cache for https://www.sozcu.com.tr/feeds-haberler
Nis 30 16:17:13 MSI-MCC-L plasmashell[59742]: LogicController: Failed to parse cache for https://www.cnnturk.com/feed/rss/all/news
Nis 30 16:17:13 MSI-MCC-L plasmashell[59742]: LogicController: Failed to parse cache for https://beyazgazete.com/rss/guncel.xml
Nis 30 16:17:14 MSI-MCC-L plasmashell[59742]: LogicController: Failed to parse cache for https://www.ntv.com.tr/son-dakika.rss
Nis 30 16:17:14 MSI-MCC-L plasmashell[59742]: LogicController: Failed to parse cache for https://www.hurriyet.com.tr/rss/anasayfa
Nis 30 16:18:12 MSI-MCC-L plasmashell[59742]: LogicController: Failed to parse cache for https://teknoseyir.com/feed
Nis 30 16:18:12 MSI-MCC-L plasmashell[59742]: LogicController: Failed to parse cache for https://www.sozcu.com.tr/feeds-haberler
Nis 30 16:18:12 MSI-MCC-L plasmashell[59742]: LogicController: Failed to parse cache for https://www.cnnturk.com/feed/rss/all/news
Nis 30 16:18:12 MSI-MCC-L plasmashell[59742]: LogicController: Failed to parse cache for https://beyazgazete.com/rss/guncel.xml
Nis 30 16:18:12 MSI-MCC-L plasmashell[59742]: LogicController: Failed to parse cache for https://www.ntv.com.tr/son-dakika.rss
Nis 30 16:18:13 MSI-MCC-L plasmashell[59742]: LogicController: Failed to parse cache for https://www.hurriyet.com.tr/rss/anasayfa
Nis 30 16:19:11 MSI-MCC-L plasmashell[59742]: LogicController: Failed to parse cache for https://teknoseyir.com/feed
Nis 30 16:19:11 MSI-MCC-L plasmashell[59742]: LogicController: Failed to parse cache for https://www.sozcu.com.tr/feeds-haberler
Nis 30 16:19:11 MSI-MCC-L plasmashell[59742]: LogicController: Failed to parse cache for https://www.cnnturk.com/feed/rss/all/news
Nis 30 16:19:11 MSI-MCC-L plasmashell[59742]: LogicController: Failed to parse cache for https://beyazgazete.com/rss/guncel.xml
Nis 30 16:19:12 MSI-MCC-L plasmashell[59742]: LogicController: Failed to parse cache for https://www.ntv.com.tr/son-dakika.rss
Nis 30 16:19:12 MSI-MCC-L plasmashell[59742]: LogicController: Failed to parse cache for https://www.hurriyet.com.tr/rss/anasayfa
Nis 30 16:20:10 MSI-MCC-L plasmashell[59742]: LogicController: Failed to parse cache for https://teknoseyir.com/feed
Nis 30 16:20:10 MSI-MCC-L plasmashell[59742]: LogicController: Failed to parse cache for https://www.sozcu.com.tr/feeds-haberler
Nis 30 16:20:10 MSI-MCC-L plasmashell[59742]: LogicController: Failed to parse cache for https://www.cnnturk.com/feed/rss/all/news
Nis 30 16:20:10 MSI-MCC-L plasmashell[59742]: LogicController: Failed to parse cache for https://beyazgazete.com/rss/guncel.xml
Nis 30 16:20:11 MSI-MCC-L plasmashell[59742]: LogicController: Failed to parse cache for https://www.ntv.com.tr/son-dakika.rss
Nis 30 16:20:11 MSI-MCC-L plasmashell[59742]: LogicController: Failed to parse cache for https://www.hurriyet.com.tr/rss/anasayfa
Nis 30 16:21:09 MSI-MCC-L plasmashell[59742]: LogicController: Failed to parse cache for https://teknoseyir.com/feed
Nis 30 16:21:10 MSI-MCC-L plasmashell[59742]: LogicController: Failed to parse cache for https://www.sozcu.com.tr/feeds-haberler
Nis 30 16:21:10 MSI-MCC-L plasmashell[59742]: LogicController: Failed to parse cache for https://www.cnnturk.com/feed/rss/all/news
Nis 30 16:21:10 MSI-MCC-L plasmashell[59742]: LogicController: Failed to parse cache for https://beyazgazete.com/rss/guncel.xml
Nis 30 16:21:10 MSI-MCC-L plasmashell[59742]: LogicController: Failed to parse cache for https://www.ntv.com.tr/son-dakika.rss
Nis 30 16:21:10 MSI-MCC-L plasmashell[59742]: LogicController: Failed to parse cache for https://www.hurriyet.com.tr/rss/anasayfa
Nis 30 16:22:08 MSI-MCC-L plasmashell[59742]: LogicController: Failed to parse cache for https://teknoseyir.com/feed
Nis 30 16:22:09 MSI-MCC-L plasmashell[59742]: LogicController: Failed to parse cache for https://www.sozcu.com.tr/feeds-haberler
Nis 30 16:22:09 MSI-MCC-L plasmashell[59742]: LogicController: Failed to parse cache for https://www.cnnturk.com/feed/rss/all/news
Nis 30 16:22:09 MSI-MCC-L plasmashell[59742]: LogicController: Failed to parse cache for https://beyazgazete.com/rss/guncel.xml
Nis 30 16:22:09 MSI-MCC-L plasmashell[59742]: LogicController: Failed to parse cache for https://www.ntv.com.tr/son-dakika.rss
Nis 30 16:22:09 MSI-MCC-L plasmashell[59742]: LogicController: Failed to parse cache for https://www.hurriyet.com.tr/rss/anasayfa
Nis 30 16:23:07 MSI-MCC-L plasmashell[59742]: LogicController: Failed to parse cache for https://teknoseyir.com/feed
Nis 30 16:23:07 MSI-MCC-L plasmashell[59742]: LogicController: Failed to parse cache for https://www.sozcu.com.tr/feeds-haberler
Nis 30 16:23:08 MSI-MCC-L plasmashell[59742]: LogicController: Failed to parse cache for https://www.cnnturk.com/feed/rss/all/news
Nis 30 16:23:08 MSI-MCC-L plasmashell[59742]: LogicController: Failed to parse cache for https://beyazgazete.com/rss/guncel.xml
Nis 30 16:23:08 MSI-MCC-L plasmashell[59742]: LogicController: Failed to parse cache for https://www.ntv.com.tr/son-dakika.rss
Nis 30 16:23:08 MSI-MCC-L plasmashell[59742]: LogicController: Failed to parse cache for https://www.hurriyet.com.tr/rss/anasayfa
Nis 30 16:24:06 MSI-MCC-L plasmashell[59742]: LogicController: Failed to parse cache for https://teknoseyir.com/feed
Nis 30 16:24:07 MSI-MCC-L plasmashell[59742]: LogicController: Failed to parse cache for https://www.sozcu.com.tr/feeds-haberler
Nis 30 16:24:07 MSI-MCC-L plasmashell[59742]: LogicController: Failed to parse cache for https://www.cnnturk.com/feed/rss/all/news
Nis 30 16:24:07 MSI-MCC-L plasmashell[59742]: LogicController: Failed to parse cache for https://beyazgazete.com/rss/guncel.xml
Nis 30 16:24:07 MSI-MCC-L plasmashell[59742]: LogicController: Failed to parse cache for https://www.ntv.com.tr/son-dakika.rss
Nis 30 16:24:07 MSI-MCC-L plasmashell[59742]: LogicController: Failed to parse cache for https://www.hurriyet.com.tr/rss/anasayfa
Nis 30 16:25:05 MSI-MCC-L plasmashell[59742]: LogicController: Failed to parse cache for https://teknoseyir.com/feed
Nis 30 16:25:06 MSI-MCC-L plasmashell[59742]: LogicController: Failed to parse cache for https://www.sozcu.com.tr/feeds-haberler
Nis 30 16:25:06 MSI-MCC-L plasmashell[59742]: LogicController: Failed to parse cache for https://www.cnnturk.com/feed/rss/all/news
Nis 30 16:25:06 MSI-MCC-L plasmashell[59742]: LogicController: Failed to parse cache for https://beyazgazete.com/rss/guncel.xml
Nis 30 16:25:06 MSI-MCC-L plasmashell[59742]: LogicController: Failed to parse cache for https://www.ntv.com.tr/son-dakika.rss
Nis 30 16:25:06 MSI-MCC-L plasmashell[59742]: LogicController: Failed to parse cache for https://www.hurriyet.com.tr/rss/anasayfa
Nis 30 16:26:05 MSI-MCC-L plasmashell[59742]: LogicController: Failed to parse cache for https://teknoseyir.com/feed
Nis 30 16:26:05 MSI-MCC-L plasmashell[59742]: LogicController: Failed to parse cache for https://www.sozcu.com.tr/feeds-haberler
Nis 30 16:26:05 MSI-MCC-L plasmashell[59742]: LogicController: Failed to parse cache for https://www.cnnturk.com/feed/rss/all/news
Nis 30 16:26:05 MSI-MCC-L plasmashell[59742]: LogicController: Failed to parse cache for https://beyazgazete.com/rss/guncel.xml
Nis 30 16:26:05 MSI-MCC-L plasmashell[59742]: LogicController: Failed to parse cache for https://www.ntv.com.tr/son-dakika.rss
Nis 30 16:26:05 MSI-MCC-L plasmashell[59742]: LogicController: Failed to parse cache for https://www.hurriyet.com.tr/rss/anasayfa
Nis 30 16:26:28 MSI-MCC-L plasmashell[59742]: qrc:/qt/qml/plasma/applet/org/kde/plasma/notifications/global/Globals.qml:519:13: Unable to assign [undefined] to bool
Nis 30 16:26:32 MSI-MCC-L plasmashell[59742]: qrc:/qt/qml/plasma/applet/org/kde/plasma/notifications/global/Globals.qml:519:13: Unable to assign [undefined] to bool
Nis 30 16:26:35 MSI-MCC-L plasmashell[59742]: qrc:/qt/qml/plasma/applet/org/kde/plasma/notifications/global/Globals.qml:519:13: Unable to assign [undefined] to bool
Nis 30 16:27:04 MSI-MCC-L plasmashell[59742]: LogicController: Failed to parse cache for https://teknoseyir.com/feed
Nis 30 16:27:05 MSI-MCC-L plasmashell[59742]: LogicController: Failed to parse cache for https://www.sozcu.com.tr/feeds-haberler
Nis 30 16:27:05 MSI-MCC-L plasmashell[59742]: LogicController: Failed to parse cache for https://www.cnnturk.com/feed/rss/all/news
Nis 30 16:27:05 MSI-MCC-L plasmashell[59742]: LogicController: Failed to parse cache for https://beyazgazete.com/rss/guncel.xml
Nis 30 16:27:05 MSI-MCC-L plasmashell[59742]: LogicController: Failed to parse cache for https://www.ntv.com.tr/son-dakika.rss
Nis 30 16:27:05 MSI-MCC-L plasmashell[59742]: LogicController: Failed to parse cache for https://www.hurriyet.com.tr/rss/anasayfa
Nis 30 16:27:06 MSI-MCC-L plasmashell[59742]: qrc:/qt/qml/plasma/applet/org/kde/plasma/notifications/global/Globals.qml:519:13: Unable to assign [undefined] to bool
Nis 30 16:27:12 MSI-MCC-L plasmashell[59742]: qrc:/qt/qml/plasma/applet/org/kde/plasma/notifications/global/Globals.qml:519:13: Unable to assign [undefined] to bool
Nis 30 16:27:58 MSI-MCC-L plasmashell[59742]: qrc:/qt/qml/plasma/applet/org/kde/plasma/notifications/global/Globals.qml:519:13: Unable to assign [undefined] to bool
Nis 30 16:28:04 MSI-MCC-L plasmashell[59742]: LogicController: Failed to parse cache for https://teknoseyir.com/feed
Nis 30 16:28:04 MSI-MCC-L plasmashell[59742]: LogicController: Failed to parse cache for https://www.sozcu.com.tr/feeds-haberler
Nis 30 16:28:04 MSI-MCC-L plasmashell[59742]: LogicController: Failed to parse cache for https://www.cnnturk.com/feed/rss/all/news
Nis 30 16:28:04 MSI-MCC-L plasmashell[59742]: LogicController: Failed to parse cache for https://beyazgazete.com/rss/guncel.xml
Nis 30 16:28:04 MSI-MCC-L plasmashell[59742]: LogicController: Failed to parse cache for https://www.ntv.com.tr/son-dakika.rss
Nis 30 16:28:04 MSI-MCC-L plasmashell[59742]: LogicController: Failed to parse cache for https://www.hurriyet.com.tr/rss/anasayfa
Nis 30 16:28:05 MSI-MCC-L plasmashell[59742]: qrc:/qt/qml/plasma/applet/org/kde/plasma/notifications/global/Globals.qml:519:13: Unable to assign [undefined] to bool
Nis 30 16:28:33 MSI-MCC-L plasmashell[59742]: qrc:/qt/qml/plasma/applet/org/kde/plasma/notifications/global/Globals.qml:519:13: Unable to assign [undefined] to bool
Nis 30 16:29:04 MSI-MCC-L plasmashell[59742]: LogicController: Failed to parse cache for https://teknoseyir.com/feed
Nis 30 16:29:04 MSI-MCC-L plasmashell[59742]: LogicController: Failed to parse cache for https://www.sozcu.com.tr/feeds-haberler
Nis 30 16:29:04 MSI-MCC-L plasmashell[59742]: LogicController: Failed to parse cache for https://www.cnnturk.com/feed/rss/all/news
Nis 30 16:29:04 MSI-MCC-L plasmashell[59742]: LogicController: Failed to parse cache for https://beyazgazete.com/rss/guncel.xml
Nis 30 16:29:04 MSI-MCC-L plasmashell[59742]: LogicController: Failed to parse cache for https://www.ntv.com.tr/son-dakika.rss
Nis 30 16:29:04 MSI-MCC-L plasmashell[59742]: LogicController: Failed to parse cache for https://www.hurriyet.com.tr/rss/anasayfa
Nis 30 16:29:41 MSI-MCC-L plasmashell[59742]: [MPRIS] Player changed. Shuffle: 1 number | LoopStatus: 1 number
Nis 30 16:29:42 MSI-MCC-L plasmashell[59742]: [MPRIS] Player changed. Shuffle: 1 number | LoopStatus: 1 number
Nis 30 16:30:04 MSI-MCC-L plasmashell[59742]: LogicController: Failed to parse cache for https://teknoseyir.com/feed
Nis 30 16:30:04 MSI-MCC-L plasmashell[59742]: LogicController: Failed to parse cache for https://www.sozcu.com.tr/feeds-haberler
Nis 30 16:30:04 MSI-MCC-L plasmashell[59742]: LogicController: Failed to parse cache for https://www.cnnturk.com/feed/rss/all/news
Nis 30 16:30:04 MSI-MCC-L plasmashell[59742]: LogicController: Failed to parse cache for https://beyazgazete.com/rss/guncel.xml
Nis 30 16:30:04 MSI-MCC-L plasmashell[59742]: LogicController: Failed to parse cache for https://www.ntv.com.tr/son-dakika.rss
Nis 30 16:30:04 MSI-MCC-L plasmashell[59742]: LogicController: Failed to parse cache for https://www.hurriyet.com.tr/rss/anasayfa
Nis 30 16:30:46 MSI-MCC-L plasmashell[59742]: Detected location from IP: Salihli
Nis 30 16:30:46 MSI-MCC-L plasmashell[59742]: Fetching weather using provider: openmeteo, days: 12
Nis 30 16:31:03 MSI-MCC-L plasmashell[59742]: LogicController: Failed to parse cache for https://teknoseyir.com/feed
Nis 30 16:31:03 MSI-MCC-L plasmashell[59742]: LogicController: Failed to parse cache for https://www.sozcu.com.tr/feeds-haberler
Nis 30 16:31:03 MSI-MCC-L plasmashell[59742]: LogicController: Failed to parse cache for https://www.cnnturk.com/feed/rss/all/news
Nis 30 16:31:03 MSI-MCC-L plasmashell[59742]: LogicController: Failed to parse cache for https://beyazgazete.com/rss/guncel.xml
Nis 30 16:31:03 MSI-MCC-L plasmashell[59742]: LogicController: Failed to parse cache for https://www.ntv.com.tr/son-dakika.rss
Nis 30 16:31:03 MSI-MCC-L plasmashell[59742]: LogicController: Failed to parse cache for https://www.hurriyet.com.tr/rss/anasayfa
Nis 30 16:32:02 MSI-MCC-L plasmashell[59742]: LogicController: Failed to parse cache for https://teknoseyir.com/feed
Nis 30 16:32:02 MSI-MCC-L plasmashell[59742]: LogicController: Failed to parse cache for https://www.sozcu.com.tr/feeds-haberler
Nis 30 16:32:02 MSI-MCC-L plasmashell[59742]: LogicController: Failed to parse cache for https://www.cnnturk.com/feed/rss/all/news
Nis 30 16:32:02 MSI-MCC-L plasmashell[59742]: LogicController: Failed to parse cache for https://beyazgazete.com/rss/guncel.xml
Nis 30 16:32:02 MSI-MCC-L plasmashell[59742]: LogicController: Failed to parse cache for https://www.ntv.com.tr/son-dakika.rss
Nis 30 16:32:02 MSI-MCC-L plasmashell[59742]: LogicController: Failed to parse cache for https://www.hurriyet.com.tr/rss/anasayfa
Nis 30 16:32:45 MSI-MCC-L plasmashell[59742]: file:///home/mcc45tr/.local/share/plasma/plasmoids/com.mcc45tr.filesearch/contents/ui/components/LogicController.qml:706: TypeError: undefined is not a function
Nis 30 16:33:01 MSI-MCC-L plasmashell[59742]: LogicController: Failed to parse cache for https://teknoseyir.com/feed
Nis 30 16:33:01 MSI-MCC-L plasmashell[59742]: LogicController: Failed to parse cache for https://www.sozcu.com.tr/feeds-haberler
Nis 30 16:33:01 MSI-MCC-L plasmashell[59742]: LogicController: Failed to parse cache for https://www.cnnturk.com/feed/rss/all/news
Nis 30 16:33:01 MSI-MCC-L plasmashell[59742]: LogicController: Failed to parse cache for https://beyazgazete.com/rss/guncel.xml
Nis 30 16:33:01 MSI-MCC-L plasmashell[59742]: LogicController: Failed to parse cache for https://www.ntv.com.tr/son-dakika.rss
Nis 30 16:33:02 MSI-MCC-L plasmashell[59742]: LogicController: Failed to parse cache for https://www.hurriyet.com.tr/rss/anasayfa
Nis 30 16:34:01 MSI-MCC-L plasmashell[59742]: LogicController: Failed to parse cache for https://teknoseyir.com/feed
Nis 30 16:34:01 MSI-MCC-L plasmashell[59742]: LogicController: Failed to parse cache for https://www.sozcu.com.tr/feeds-haberler
Nis 30 16:34:01 MSI-MCC-L plasmashell[59742]: LogicController: Failed to parse cache for https://www.cnnturk.com/feed/rss/all/news
Nis 30 16:34:01 MSI-MCC-L plasmashell[59742]: LogicController: Failed to parse cache for https://beyazgazete.com/rss/guncel.xml
Nis 30 16:34:01 MSI-MCC-L plasmashell[59742]: LogicController: Failed to parse cache for https://www.ntv.com.tr/son-dakika.rss
Nis 30 16:34:01 MSI-MCC-L plasmashell[59742]: LogicController: Failed to parse cache for https://www.hurriyet.com.tr/rss/anasayfa
Nis 30 16:35:01 MSI-MCC-L plasmashell[59742]: LogicController: Failed to parse cache for https://teknoseyir.com/feed
Nis 30 16:35:01 MSI-MCC-L plasmashell[59742]: LogicController: Failed to parse cache for https://www.sozcu.com.tr/feeds-haberler
Nis 30 16:35:01 MSI-MCC-L plasmashell[59742]: LogicController: Failed to parse cache for https://www.cnnturk.com/feed/rss/all/news
Nis 30 16:35:01 MSI-MCC-L plasmashell[59742]: LogicController: Failed to parse cache for https://beyazgazete.com/rss/guncel.xml
Nis 30 16:35:01 MSI-MCC-L plasmashell[59742]: LogicController: Failed to parse cache for https://www.ntv.com.tr/son-dakika.rss
Nis 30 16:35:01 MSI-MCC-L plasmashell[59742]: LogicController: Failed to parse cache for https://www.hurriyet.com.tr/rss/anasayfa
Nis 30 16:35:20 MSI-MCC-L plasmashell[59742]: qrc:/qt/qml/plasma/applet/org/kde/plasma/notifications/global/Globals.qml:519:13: Unable to assign [undefined] to bool
Nis 30 16:35:31 MSI-MCC-L plasmashell[59742]: qrc:/qt/qml/plasma/applet/org/kde/plasma/notifications/global/Globals.qml:519:13: Unable to assign [undefined] to bool
Nis 30 16:35:52 MSI-MCC-L plasmashell[59742]: qrc:/qt/qml/plasma/applet/org/kde/plasma/notifications/global/Globals.qml:519:13: Unable to assign [undefined] to bool
Nis 30 16:36:00 MSI-MCC-L plasmashell[59742]: qrc:/qt/qml/plasma/applet/org/kde/plasma/notifications/global/Globals.qml:519:13: Unable to assign [undefined] to bool
Nis 30 16:36:01 MSI-MCC-L plasmashell[59742]: LogicController: Failed to parse cache for https://teknoseyir.com/feed
Nis 30 16:36:01 MSI-MCC-L plasmashell[59742]: LogicController: Failed to parse cache for https://www.sozcu.com.tr/feeds-haberler
Nis 30 16:36:01 MSI-MCC-L plasmashell[59742]: LogicController: Failed to parse cache for https://www.cnnturk.com/feed/rss/all/news
Nis 30 16:36:01 MSI-MCC-L plasmashell[59742]: LogicController: Failed to parse cache for https://beyazgazete.com/rss/guncel.xml
Nis 30 16:36:01 MSI-MCC-L plasmashell[59742]: LogicController: Failed to parse cache for https://www.ntv.com.tr/son-dakika.rss
Nis 30 16:36:01 MSI-MCC-L plasmashell[59742]: LogicController: Failed to parse cache for https://www.hurriyet.com.tr/rss/anasayfa
Nis 30 16:36:17 MSI-MCC-L plasmashell[59742]: qrc:/qt/qml/plasma/applet/org/kde/plasma/notifications/global/Globals.qml:519:13: Unable to assign [undefined] to bool
Nis 30 16:36:44 MSI-MCC-L plasmashell[59742]: qrc:/qt/qml/plasma/applet/org/kde/plasma/notifications/global/Globals.qml:519:13: Unable to assign [undefined] to bool
Nis 30 16:37:01 MSI-MCC-L plasmashell[59742]: LogicController: Failed to parse cache for https://teknoseyir.com/feed
Nis 30 16:37:01 MSI-MCC-L plasmashell[59742]: LogicController: Failed to parse cache for https://www.sozcu.com.tr/feeds-haberler
Nis 30 16:37:01 MSI-MCC-L plasmashell[59742]: LogicController: Failed to parse cache for https://www.cnnturk.com/feed/rss/all/news
Nis 30 16:37:01 MSI-MCC-L plasmashell[59742]: LogicController: Failed to parse cache for https://beyazgazete.com/rss/guncel.xml
Nis 30 16:37:01 MSI-MCC-L plasmashell[59742]: LogicController: Failed to parse cache for https://www.ntv.com.tr/son-dakika.rss
Nis 30 16:37:01 MSI-MCC-L plasmashell[59742]: LogicController: Failed to parse cache for https://www.hurriyet.com.tr/rss/anasayfa
Nis 30 16:37:22 MSI-MCC-L plasmashell[59742]: qrc:/qt/qml/plasma/applet/org/kde/plasma/notifications/components/JobItem.qml:144: TypeError: Cannot read property 'effectiveDestUrl' of null
Nis 30 16:37:22 MSI-MCC-L plasmashell[59742]: qrc:/qt/qml/plasma/applet/org/kde/plasma/notifications/components/JobItem.qml:117: TypeError: Cannot read property 'effectiveDestUrl' of null
Nis 30 16:37:22 MSI-MCC-L plasmashell[59742]: qrc:/qt/qml/plasma/applet/org/kde/plasma/notifications/components/SpeedChart.qml:35: TypeError: Cannot read property 'totalBytes' of null
Nis 30 16:37:22 MSI-MCC-L plasmashell[59742]: qrc:/qt/qml/plasma/applet/org/kde/plasma/notifications/components/JobItem.qml:144: TypeError: Cannot read property 'effectiveDestUrl' of null
Nis 30 16:37:22 MSI-MCC-L plasmashell[59742]: qrc:/qt/qml/plasma/applet/org/kde/plasma/notifications/components/JobItem.qml:117: TypeError: Cannot read property 'effectiveDestUrl' of null
Nis 30 16:37:22 MSI-MCC-L plasmashell[59742]: qrc:/qt/qml/plasma/applet/org/kde/plasma/notifications/components/SpeedChart.qml:35: TypeError: Cannot read property 'totalBytes' of null
Nis 30 16:38:02 MSI-MCC-L plasmashell[59742]: LogicController: Failed to parse cache for https://teknoseyir.com/feed
Nis 30 16:38:02 MSI-MCC-L plasmashell[59742]: LogicController: Failed to parse cache for https://www.sozcu.com.tr/feeds-haberler
Nis 30 16:38:02 MSI-MCC-L plasmashell[59742]: LogicController: Failed to parse cache for https://www.cnnturk.com/feed/rss/all/news
Nis 30 16:38:02 MSI-MCC-L plasmashell[59742]: LogicController: Failed to parse cache for https://beyazgazete.com/rss/guncel.xml
Nis 30 16:38:02 MSI-MCC-L plasmashell[59742]: LogicController: Failed to parse cache for https://www.ntv.com.tr/son-dakika.rss
Nis 30 16:38:02 MSI-MCC-L plasmashell[59742]: LogicController: Failed to parse cache for https://www.hurriyet.com.tr/rss/anasayfa
Nis 30 16:39:01 MSI-MCC-L plasmashell[59742]: LogicController: Failed to parse cache for https://teknoseyir.com/feed
Nis 30 16:39:01 MSI-MCC-L plasmashell[59742]: LogicController: Failed to parse cache for https://www.sozcu.com.tr/feeds-haberler
Nis 30 16:39:01 MSI-MCC-L plasmashell[59742]: LogicController: Failed to parse cache for https://www.cnnturk.com/feed/rss/all/news
Nis 30 16:39:01 MSI-MCC-L plasmashell[59742]: LogicController: Failed to parse cache for https://beyazgazete.com/rss/guncel.xml
Nis 30 16:39:01 MSI-MCC-L plasmashell[59742]: LogicController: Failed to parse cache for https://www.ntv.com.tr/son-dakika.rss
Nis 30 16:39:02 MSI-MCC-L plasmashell[59742]: LogicController: Failed to parse cache for https://www.hurriyet.com.tr/rss/anasayfa
Nis 30 16:40:00 MSI-MCC-L plasmashell[59742]: LogicController: Failed to parse cache for https://teknoseyir.com/feed
Nis 30 16:40:01 MSI-MCC-L plasmashell[59742]: LogicController: Failed to parse cache for https://www.sozcu.com.tr/feeds-haberler
Nis 30 16:40:01 MSI-MCC-L plasmashell[59742]: LogicController: Failed to parse cache for https://www.cnnturk.com/feed/rss/all/news
Nis 30 16:40:01 MSI-MCC-L plasmashell[59742]: LogicController: Failed to parse cache for https://beyazgazete.com/rss/guncel.xml
Nis 30 16:40:01 MSI-MCC-L plasmashell[59742]: LogicController: Failed to parse cache for https://www.ntv.com.tr/son-dakika.rss
Nis 30 16:40:01 MSI-MCC-L plasmashell[59742]: LogicController: Failed to parse cache for https://www.hurriyet.com.tr/rss/anasayfa
Nis 30 16:40:49 MSI-MCC-L plasmashell[59742]: qrc:/qt/qml/plasma/applet/org/kde/plasma/taskmanager/ToolTipInstance.qml:371:9: QML Image: Cannot open: file:///tmp/plasma-browser-integration_artwork_gOtvSQ.jpg
Nis 30 16:41:05 MSI-MCC-L systemd-coredump[69908]: Process 59742 (plasmashell) of user 1000 dumped core.
                                                   #0  0x00007fb2161b8651 _ZN3QV46Object12insertMemberEPNS_14StringOrSymbolEPKNS_8PropertyENS_18PropertyAttributesE (libQt6Qml.so.6 + 0x1b8651)
                                                   #1  0x00007fb21613db46 n/a (libQt6Qml.so.6 + 0x13db46)
                                                   #2  0x00007fb2161bfdb3 _ZN3QV46Object11internalPutENS_11PropertyKeyERKNS_5ValueEPS2_ (libQt6Qml.so.6 + 0x1bfdb3)
                                                   #3  0x00007fb2161bfbf8 _ZN3QV46Object11internalPutENS_11PropertyKeyERKNS_5ValueEPS2_ (libQt6Qml.so.6 + 0x1bfbf8)
                                                   #4  0x00007fb21620080b n/a (libQt6Qml.so.6 + 0x20080b)
                                                   #5  0x00007fb216200929 _ZN3QV47Runtime12StoreElement4callEPNS_15ExecutionEngineERKNS_5ValueES6_S6_ (libQt6Qml.so.6 + 0x200929)
                                                   #7  0x00007fb2162474f4 n/a (libQt6Qml.so.6 + 0x2474f4)
                                                   #8  0x00007fb2161a0524 n/a (libQt6Qml.so.6 + 0x1a0524)
                                                   #9  0x00007fb2162075b2 _ZN3QV47Runtime28CallQmlContextPropertyLookup4callEPNS_15ExecutionEngineEjPNS_5ValueEi (libQt6Qml.so.6 + 0x2075b2)
                                                   #11 0x00007fb2162474f4 n/a (libQt6Qml.so.6 + 0x2474f4)
                                                   #12 0x00007fb216192400 n/a (libQt6Qml.so.6 + 0x192400)
                                                   #13 0x00007fb216198609 _ZN3QV48Function4callEP7QObjectPPvPK9QMetaTypeiPNS_16ExecutionContextE (libQt6Qml.so.6 + 0x198609)
                                                   #14 0x00007fb2162ef43a _ZN24QQmlJavaScriptExpression8evaluateEPPvPK9QMetaTypei (libQt6Qml.so.6 + 0x2ef43a)
                                                   #15 0x00007fb216281cc3 _ZN25QQmlBoundSignalExpression8evaluateEPPv (libQt6Qml.so.6 + 0x281cc3)
                                                   #16 0x00007fb216287040 n/a (libQt6Qml.so.6 + 0x287040)
                                                   #17 0x00007fb2163125d2 _ZN12QQmlNotifier10emitNotifyEP20QQmlNotifierEndpointPPv (libQt6Qml.so.6 + 0x3125d2)
                                                   #19 0x00007fb213a998d2 _ZN9QQmlTimer6tickedEv (libQt6QmlMeta.so.6 + 0x1f8d2)
                                                   #20 0x00007fb213a9998c _ZN9QQmlTimer5eventEP6QEvent (libQt6QmlMeta.so.6 + 0x1f98c)
                                                   #21 0x00007fb2171023a9 _ZN19QApplicationPrivate13notify_helperEP7QObjectP6QEvent (libQt6Widgets.so.6 + 0x1023a9)
                                                   #31 0x000055b35fc9edf4 n/a (/usr/bin/plasmashell + 0x27df4)
                                                   #34 0x000055b35fc9f4f5 n/a (/usr/bin/plasmashell + 0x284f5)
Nis 30 16:41:05 MSI-MCC-L systemd[1744]: plasma-plasmashell.service: Main process exited, code=dumped, status=11/SEGV
Nis 30 16:41:05 MSI-MCC-L systemd[1744]: plasma-plasmashell.service: Failed with result 'core-dump'.
Nis 30 16:41:05 MSI-MCC-L systemd[1744]: plasma-plasmashell.service: Consumed 9min 9.597s CPU time over 55min 44.132s wall clock time, 623.7M memory peak.
Nis 30 16:41:05 MSI-MCC-L systemd[1744]: plasma-plasmashell.service: Scheduled restart job, restart counter is at 4.
Nis 30 16:41:06 MSI-MCC-L plasmashell[69991]: The theme "lightly-plasma-v4" uses the legacy metadata.desktop. Consider contacting the author and asking them update it to use the newer JSON format.
Nis 30 16:41:06 MSI-MCC-L plasmashell[69991]: The theme "lightly-plasma-v4" uses the legacy metadata.desktop. Consider contacting the author and asking them update it to use the newer JSON format.
Nis 30 16:41:06 MSI-MCC-L plasmashell[69991]: The theme "lightly-plasma-v4" uses the legacy metadata.desktop. Consider contacting the author and asking them update it to use the newer JSON format.
Nis 30 16:41:06 MSI-MCC-L plasmashell[69991]: Could not find required file "mainscript" for package "/usr/share/plasma/plasmoids/org.kde.plasma.icontasks/" should be QList("ui/main.qml")
Nis 30 16:41:06 MSI-MCC-L plasmashell[69991]: Member visible of the object PlasmaQuick::Dialog overrides a member of the base object. Consider renaming it or adding final or override specifier
Nis 30 16:41:06 MSI-MCC-L plasmashell[69991]: The theme "lightly-plasma-v4" uses the legacy metadata.desktop. Consider contacting the author and asking them update it to use the newer JSON format.
Nis 30 16:41:06 MSI-MCC-L plasmashell[69991]: Member enabled of the object DeclarativeDropArea overrides a member of the base object. Consider renaming it or adding final or override specifier
Nis 30 16:41:06 MSI-MCC-L plasmashell[69991]: Member enabled of the object NotificationManager_QMLTYPE_205 overrides a member of the base object. Consider renaming it or adding final or override specifier
Nis 30 16:41:08 MSI-MCC-L plasmashell[69991]: [MPRIS] Player changed. Shuffle: 0 number | LoopStatus: 0 number
Nis 30 16:41:08 MSI-MCC-L plasmashell[69991]: [MPRIS] Player changed. Shuffle: 0 number | LoopStatus: 1 number
Nis 30 16:41:08 MSI-MCC-L kwin_x11[2230]: 0x2: GL_INVALID_VALUE in glTexStorage2D(width, height or depth < 1)
Nis 30 16:41:08 MSI-MCC-L kwin_x11[2230]: Invalid framebuffer status:  "GL_FRAMEBUFFER_INCOMPLETE_ATTACHMENT"
Nis 30 16:41:08 MSI-MCC-L kwin_x11[2230]: Failed to create an offscreen framebuffer
Nis 30 16:41:08 MSI-MCC-L plasmashell[69991]: [MPRIS] Player changed. Shuffle: 1 number | LoopStatus: 1 number
Nis 30 16:41:10 MSI-MCC-L plasmashell[69991]: BootDataManager: Component completed. Cache size: 950
Nis 30 16:41:10 MSI-MCC-L plasmashell[69991]: BootDataManager: Loading from cache (limine)
Nis 30 16:41:10 MSI-MCC-L plasmashell[69991]: FileSearch: LogicController initialized
Nis 30 16:41:11 MSI-MCC-L plasmashell[69991]: file:///home/mcc45tr/.local/share/plasma/plasmoids/com.mcc45tr.musicplayer/contents/ui/modes/PanelMode.qml:282:25: QML Binding: Binding loop detected for property "value":
                                              file:///home/mcc45tr/.local/share/plasma/plasmoids/com.mcc45tr.musicplayer/contents/ui/modes/PanelMode.qml:285:29
Nis 30 16:41:11 MSI-MCC-L plasmashell[69991]: [MPRIS] Player changed. Shuffle: 1 number | LoopStatus: 1 number
Nis 30 16:41:11 MSI-MCC-L plasmashell[69991]: qrc:/qt/qml/plasma/applet/org/kde/plasma/notifications/global/Globals.qml:519:13: Unable to assign [undefined] to bool
Nis 30 16:41:12 MSI-MCC-L plasmashell[69991]: BootDataManager: New Data from sh "/home/mcc45tr/.local/share/plasma/plasmoids/com.mcc45tr.mselectivereboot/contents/tools/find_windows_mount.sh"
Nis 30 16:41:12 MSI-MCC-L plasmashell[69991]: BootDataManager: Data keys: exit code, exit status, stderr, stdout
Nis 30 16:41:12 MSI-MCC-L plasmashell[69991]: BootDataManager: Received Windows Version
Nis 30 16:41:12 MSI-MCC-L plasmashell[69991]: LogicController: Failed to parse cache for https://teknoseyir.com/feed
Nis 30 16:41:12 MSI-MCC-L plasmashell[69991]: LogicController: Failed to parse cache for https://www.sozcu.com.tr/feeds-haberler
Nis 30 16:41:12 MSI-MCC-L plasmashell[69991]: LogicController: Failed to parse cache for https://www.cnnturk.com/feed/rss/all/news
Nis 30 16:41:12 MSI-MCC-L plasmashell[69991]: LogicController: Failed to parse cache for https://beyazgazete.com/rss/guncel.xml
Nis 30 16:41:12 MSI-MCC-L plasmashell[69991]: LogicController: Failed to parse cache for https://www.ntv.com.tr/son-dakika.rss
Nis 30 16:41:12 MSI-MCC-L plasmashell[69991]: LogicController: Failed to parse cache for https://www.hurriyet.com.tr/rss/anasayfa
Nis 30 16:41:15 MSI-MCC-L plasmashell[69991]: Connecting to deprecated signal QDBusConnectionInterface::serviceOwnerChanged(QString,QString,QString)
Nis 30 16:41:30 MSI-MCC-L plasmashell[69991]: LogicController: Failed to parse cache for https://teknoseyir.com/feed
Nis 30 16:41:30 MSI-MCC-L plasmashell[69991]: LogicController: Failed to parse cache for https://www.sozcu.com.tr/feeds-haberler
Nis 30 16:41:30 MSI-MCC-L plasmashell[69991]: LogicController: Failed to parse cache for https://www.cnnturk.com/feed/rss/all/news
Nis 30 16:41:30 MSI-MCC-L plasmashell[69991]: LogicController: Failed to parse cache for https://beyazgazete.com/rss/guncel.xml
Nis 30 16:41:30 MSI-MCC-L plasmashell[69991]: LogicController: Failed to parse cache for https://www.ntv.com.tr/son-dakika.rss
Nis 30 16:41:30 MSI-MCC-L plasmashell[69991]: LogicController: Failed to parse cache for https://www.hurriyet.com.tr/rss/anasayfa
Nis 30 16:42:29 MSI-MCC-L plasmashell[69991]: LogicController: Failed to parse cache for https://teknoseyir.com/feed
Nis 30 16:42:29 MSI-MCC-L plasmashell[69991]: LogicController: Failed to parse cache for https://www.sozcu.com.tr/feeds-haberler
Nis 30 16:42:29 MSI-MCC-L plasmashell[69991]: LogicController: Failed to parse cache for https://www.cnnturk.com/feed/rss/all/news
Nis 30 16:42:29 MSI-MCC-L plasmashell[69991]: LogicController: Failed to parse cache for https://beyazgazete.com/rss/guncel.xml
Nis 30 16:42:29 MSI-MCC-L plasmashell[69991]: LogicController: Failed to parse cache for https://www.ntv.com.tr/son-dakika.rss
Nis 30 16:42:29 MSI-MCC-L plasmashell[69991]: LogicController: Failed to parse cache for https://www.hurriyet.com.tr/rss/anasayfa
Nis 30 16:43:28 MSI-MCC-L plasmashell[69991]: LogicController: Failed to parse cache for https://teknoseyir.com/feed
Nis 30 16:43:28 MSI-MCC-L plasmashell[69991]: LogicController: Failed to parse cache for https://www.sozcu.com.tr/feeds-haberler
Nis 30 16:43:29 MSI-MCC-L plasmashell[69991]: LogicController: Failed to parse cache for https://beyazgazete.com/rss/guncel.xml
Nis 30 16:43:29 MSI-MCC-L plasmashell[69991]: LogicController: Failed to parse cache for https://www.cnnturk.com/feed/rss/all/news
Nis 30 16:43:29 MSI-MCC-L plasmashell[69991]: LogicController: Failed to parse cache for https://www.ntv.com.tr/son-dakika.rss
Nis 30 16:43:29 MSI-MCC-L plasmashell[69991]: LogicController: Failed to parse cache for https://www.hurriyet.com.tr/rss/anasayfa
Nis 30 16:44:24 MSI-MCC-L plasmashell[69991]: Invalid path data; path truncated.
Nis 30 16:44:25 MSI-MCC-L plasmashell[69991]: PreviewJob subjob had an error: "/home/mcc45tr/plasmalog.log dosyası veya klasörü yok. dosyası veya klasörü yok."
Nis 30 16:44:29 MSI-MCC-L plasmashell[69991]: LogicController: Failed to parse cache for https://teknoseyir.com/feed
Nis 30 16:44:29 MSI-MCC-L plasmashell[69991]: LogicController: Failed to parse cache for https://www.sozcu.com.tr/feeds-haberler
Nis 30 16:44:29 MSI-MCC-L plasmashell[69991]: LogicController: Failed to parse cache for https://www.cnnturk.com/feed/rss/all/news
Nis 30 16:44:29 MSI-MCC-L plasmashell[69991]: LogicController: Failed to parse cache for https://beyazgazete.com/rss/guncel.xml
Nis 30 16:44:29 MSI-MCC-L plasmashell[69991]: LogicController: Failed to parse cache for https://www.ntv.com.tr/son-dakika.rss
Nis 30 16:44:29 MSI-MCC-L plasmashell[69991]: LogicController: Failed to parse cache for https://www.hurriyet.com.tr/rss/anasayfa
Nis 30 16:45:28 MSI-MCC-L plasmashell[69991]: LogicController: Failed to parse cache for https://teknoseyir.com/feed
Nis 30 16:45:28 MSI-MCC-L plasmashell[69991]: LogicController: Failed to parse cache for https://www.sozcu.com.tr/feeds-haberler
Nis 30 16:45:28 MSI-MCC-L plasmashell[69991]: LogicController: Failed to parse cache for https://www.cnnturk.com/feed/rss/all/news
Nis 30 16:45:28 MSI-MCC-L plasmashell[69991]: LogicController: Failed to parse cache for https://beyazgazete.com/rss/guncel.xml
Nis 30 16:45:28 MSI-MCC-L plasmashell[69991]: LogicController: Failed to parse cache for https://www.ntv.com.tr/son-dakika.rss
Nis 30 16:45:28 MSI-MCC-L plasmashell[69991]: LogicController: Failed to parse cache for https://www.hurriyet.com.tr/rss/anasayfa
Nis 30 16:46:26 MSI-MCC-L plasmashell[69991]: LogicController: Failed to parse cache for https://teknoseyir.com/feed
Nis 30 16:46:27 MSI-MCC-L plasmashell[69991]: LogicController: Failed to parse cache for https://www.sozcu.com.tr/feeds-haberler
Nis 30 16:46:27 MSI-MCC-L plasmashell[69991]: LogicController: Failed to parse cache for https://www.cnnturk.com/feed/rss/all/news
Nis 30 16:46:27 MSI-MCC-L plasmashell[69991]: LogicController: Failed to parse cache for https://beyazgazete.com/rss/guncel.xml
Nis 30 16:46:27 MSI-MCC-L plasmashell[69991]: LogicController: Failed to parse cache for https://www.ntv.com.tr/son-dakika.rss
Nis 30 16:46:27 MSI-MCC-L plasmashell[69991]: LogicController: Failed to parse cache for https://www.hurriyet.com.tr/rss/anasayfa
Nis 30 16:47:25 MSI-MCC-L plasmashell[69991]: LogicController: Failed to parse cache for https://teknoseyir.com/feed
Nis 30 16:47:25 MSI-MCC-L plasmashell[69991]: LogicController: Failed to parse cache for https://www.sozcu.com.tr/feeds-haberler
Nis 30 16:47:25 MSI-MCC-L plasmashell[69991]: LogicController: Failed to parse cache for https://www.cnnturk.com/feed/rss/all/news
Nis 30 16:47:25 MSI-MCC-L plasmashell[69991]: LogicController: Failed to parse cache for https://beyazgazete.com/rss/guncel.xml
Nis 30 16:47:25 MSI-MCC-L plasmashell[69991]: LogicController: Failed to parse cache for https://www.ntv.com.tr/son-dakika.rss
Nis 30 16:47:26 MSI-MCC-L plasmashell[69991]: LogicController: Failed to parse cache for https://www.hurriyet.com.tr/rss/anasayfa
Nis 30 16:48:24 MSI-MCC-L plasmashell[69991]: LogicController: Failed to parse cache for https://teknoseyir.com/feed
Nis 30 16:48:24 MSI-MCC-L plasmashell[69991]: LogicController: Failed to parse cache for https://www.sozcu.com.tr/feeds-haberler
Nis 30 16:48:24 MSI-MCC-L plasmashell[69991]: LogicController: Failed to parse cache for https://www.cnnturk.com/feed/rss/all/news
Nis 30 16:48:24 MSI-MCC-L plasmashell[69991]: LogicController: Failed to parse cache for https://beyazgazete.com/rss/guncel.xml
Nis 30 16:48:24 MSI-MCC-L plasmashell[69991]: LogicController: Failed to parse cache for https://www.ntv.com.tr/son-dakika.rss
Nis 30 16:48:24 MSI-MCC-L plasmashell[69991]: LogicController: Failed to parse cache for https://www.hurriyet.com.tr/rss/anasayfa
Nis 30 16:49:23 MSI-MCC-L plasmashell[69991]: LogicController: Failed to parse cache for https://teknoseyir.com/feed
Nis 30 16:49:23 MSI-MCC-L plasmashell[69991]: LogicController: Failed to parse cache for https://www.sozcu.com.tr/feeds-haberler
Nis 30 16:49:23 MSI-MCC-L plasmashell[69991]: LogicController: Failed to parse cache for https://www.cnnturk.com/feed/rss/all/news
Nis 30 16:49:23 MSI-MCC-L plasmashell[69991]: LogicController: Failed to parse cache for https://beyazgazete.com/rss/guncel.xml
Nis 30 16:49:23 MSI-MCC-L plasmashell[69991]: LogicController: Failed to parse cache for https://www.ntv.com.tr/son-dakika.rss
Nis 30 16:49:23 MSI-MCC-L plasmashell[69991]: LogicController: Failed to parse cache for https://www.hurriyet.com.tr/rss/anasayfa
Nis 30 16:49:49 MSI-MCC-L kscreenlocker_greet[72741]: Member contentWidth of the object PopupList_QMLTYPE_124 overrides a member of the base object. Consider renaming it or adding final or override specifier
Nis 30 16:49:56 MSI-MCC-L plasmashell[69991]: Begin Suppressing sleep signal arrived
Nis 30 16:50:22 MSI-MCC-L plasmashell[69991]: LogicController: Failed to parse cache for https://teknoseyir.com/feed
Nis 30 16:50:22 MSI-MCC-L plasmashell[69991]: LogicController: Failed to parse cache for https://www.sozcu.com.tr/feeds-haberler
Nis 30 16:50:23 MSI-MCC-L plasmashell[69991]: LogicController: Failed to parse cache for https://www.cnnturk.com/feed/rss/all/news
Nis 30 16:50:23 MSI-MCC-L plasmashell[69991]: LogicController: Failed to parse cache for https://beyazgazete.com/rss/guncel.xml
Nis 30 16:50:23 MSI-MCC-L plasmashell[69991]: LogicController: Failed to parse cache for https://www.ntv.com.tr/son-dakika.rss
Nis 30 16:50:23 MSI-MCC-L plasmashell[69991]: LogicController: Failed to parse cache for https://www.hurriyet.com.tr/rss/anasayfa
Nis 30 16:50:55 MSI-MCC-L plasmashell[69991]: qrc:/qt/qml/plasma/applet/org/kde/plasma/notifications/global/Globals.qml:519:13: Unable to assign [undefined] to bool
Nis 30 16:51:00 MSI-MCC-L plasmashell[69991]: qrc:/qt/qml/plasma/applet/org/kde/plasma/notifications/global/Globals.qml:134: TypeError: Cannot read property 'screenGeometry' of null
Nis 30 16:51:00 MSI-MCC-L plasmashell[69991]: qrc:/qt/qml/plasma/applet/org/kde/plasma/volume/main.qml:654:17: QML PlasmoidHeading: Binding loop detected for property "leftInset":
                                              qrc:/qt/qml/org/kde/plasma/extras/PlasmoidHeading.qml:33:5
Nis 30 16:51:00 MSI-MCC-L plasmashell[69991]: qrc:/qt/qml/plasma/applet/org/kde/plasma/volume/main.qml:293:17: QML PlasmoidHeading: Binding loop detected for property "leftInset":
                                              qrc:/qt/qml/org/kde/plasma/extras/PlasmoidHeading.qml:33:5
Nis 30 16:51:00 MSI-MCC-L plasmashell[69991]: qrc:/qt/qml/plasma/applet/org/kde/plasma/networkmanagement/PopupDialog.qml:36:13: QML PlasmoidHeading: Binding loop detected for property "leftInset":
                                              qrc:/qt/qml/org/kde/plasma/extras/PlasmoidHeading.qml:33:5
Nis 30 16:51:00 MSI-MCC-L plasmashell[69991]: file:///home/mcc45tr/.local/share/plasma/plasmoids/com.github.exequtic.apdatifier/contents/ui/representation/Expanded.qml:152:13: QML PlasmoidHeading: Binding loop detected for property "leftInset":
                                              qrc:/qt/qml/org/kde/plasma/extras/PlasmoidHeading.qml:33:5
Nis 30 16:51:00 MSI-MCC-L plasmashell[69991]: file:///home/mcc45tr/.local/share/plasma/plasmoids/com.github.exequtic.apdatifier/contents/ui/representation/Expanded.qml:31:13: QML PlasmoidHeading: Binding loop detected for property "leftInset":
                                              qrc:/qt/qml/org/kde/plasma/extras/PlasmoidHeading.qml:33:5
Nis 30 16:51:00 MSI-MCC-L plasmashell[69991]: qrc:/qt/qml/plasma/applet/org/kde/plasma/notifications/global/Globals.qml:264: TypeError: Cannot read property 'plasmoid' of undefined
Nis 30 16:51:00 MSI-MCC-L plasmashell[69991]: Stop Suppressing sleep signal arrived
Nis 30 16:51:00 MSI-MCC-L systemd[1744]: plasma-plasmashell.service: Consumed 1min 54.865s CPU time over 9min 54.887s wall clock time, 480.7M memory peak.
Nis 30 16:51:00 MSI-MCC-L plasmashell[73724]: The theme "lightly-plasma-v4" uses the legacy metadata.desktop. Consider contacting the author and asking them update it to use the newer JSON format.
Nis 30 16:51:00 MSI-MCC-L plasmashell[73724]: The theme "lightly-plasma-v4" uses the legacy metadata.desktop. Consider contacting the author and asking them update it to use the newer JSON format.
Nis 30 16:51:00 MSI-MCC-L plasmashell[73724]: The theme "lightly-plasma-v4" uses the legacy metadata.desktop. Consider contacting the author and asking them update it to use the newer JSON format.
Nis 30 16:51:01 MSI-MCC-L plasmashell[73724]: Could not find required file "mainscript" for package "/usr/share/plasma/plasmoids/org.kde.plasma.icontasks/" should be QList("ui/main.qml")
Nis 30 16:51:01 MSI-MCC-L plasmashell[73724]: Member visible of the object PlasmaQuick::Dialog overrides a member of the base object. Consider renaming it or adding final or override specifier
Nis 30 16:51:01 MSI-MCC-L plasmashell[73724]: The theme "lightly-plasma-v4" uses the legacy metadata.desktop. Consider contacting the author and asking them update it to use the newer JSON format.
Nis 30 16:51:01 MSI-MCC-L plasmashell[73724]: Member enabled of the object DeclarativeDropArea overrides a member of the base object. Consider renaming it or adding final or override specifier
Nis 30 16:51:01 MSI-MCC-L plasmashell[73724]: Member enabled of the object NotificationManager_QMLTYPE_190 overrides a member of the base object. Consider renaming it or adding final or override specifier
Nis 30 16:51:02 MSI-MCC-L plasmashell[73724]: [MPRIS] Player changed. Shuffle: 0 number | LoopStatus: 0 number
Nis 30 16:51:02 MSI-MCC-L plasmashell[73724]: [MPRIS] Player changed. Shuffle: 0 number | LoopStatus: 1 number
Nis 30 16:51:02 MSI-MCC-L plasmashell[73724]: [MPRIS] Player changed. Shuffle: 1 number | LoopStatus: 1 number
Nis 30 16:51:04 MSI-MCC-L plasmashell[73724]: PreviewJob subjob had an error: "/home/mcc45tr/Projelerim/Plasma6Widgets/plasmalog.log dosyası veya klasörü yok. dosyası veya klasörü yok."
Nis 30 16:51:05 MSI-MCC-L plasmashell[73724]: BootDataManager: Component completed. Cache size: 950
Nis 30 16:51:05 MSI-MCC-L plasmashell[73724]: BootDataManager: Loading from cache (limine)
Nis 30 16:51:05 MSI-MCC-L plasmashell[73724]: FileSearch: LogicController initialized
Nis 30 16:51:05 MSI-MCC-L plasmashell[73724]: [MPRIS] Player changed. Shuffle: 1 number | LoopStatus: 1 number
Nis 30 16:51:07 MSI-MCC-L plasmashell[73724]: file:///home/mcc45tr/.local/share/plasma/plasmoids/com.mcc45tr.musicplayer/contents/ui/modes/PanelMode.qml:272:21: QML QQuickText*: Binding loop detected for property "text":
                                              file:///home/mcc45tr/.local/share/plasma/plasmoids/com.mcc45tr.musicplayer/contents/ui/modes/PanelMode.qml:282:25
Nis 30 16:51:08 MSI-MCC-L plasmashell[73724]: BootDataManager: New Data from sh "/home/mcc45tr/.local/share/plasma/plasmoids/com.mcc45tr.mselectivereboot/contents/tools/find_windows_mount.sh"
Nis 30 16:51:08 MSI-MCC-L plasmashell[73724]: BootDataManager: Data keys: exit code, exit status, stderr, stdout
Nis 30 16:51:08 MSI-MCC-L plasmashell[73724]: BootDataManager: Received Windows Version
Nis 30 16:51:08 MSI-MCC-L plasmashell[73724]: LogicController: Failed to parse cache for https://teknoseyir.com/feed
Nis 30 16:51:08 MSI-MCC-L plasmashell[73724]: LogicController: Failed to parse cache for https://www.sozcu.com.tr/feeds-haberler
Nis 30 16:51:08 MSI-MCC-L plasmashell[73724]: LogicController: Failed to parse cache for https://www.cnnturk.com/feed/rss/all/news
Nis 30 16:51:08 MSI-MCC-L plasmashell[73724]: LogicController: Failed to parse cache for https://beyazgazete.com/rss/guncel.xml
Nis 30 16:51:08 MSI-MCC-L plasmashell[73724]: LogicController: Failed to parse cache for https://www.ntv.com.tr/son-dakika.rss
Nis 30 16:51:08 MSI-MCC-L plasmashell[73724]: LogicController: Failed to parse cache for https://www.hurriyet.com.tr/rss/anasayfa
Nis 30 16:51:10 MSI-MCC-L plasmashell[73724]: Connecting to deprecated signal QDBusConnectionInterface::serviceOwnerChanged(QString,QString,QString)
Nis 30 16:54:22 MSI-MCC-L systemd-coredump[75305]: Process 73724 (plasmashell) of user 1000 dumped core.
                                                   #0  0x00007f644bbb8651 _ZN3QV46Object12insertMemberEPNS_14StringOrSymbolEPKNS_8PropertyENS_18PropertyAttributesE (libQt6Qml.so.6 + 0x1b8651)
                                                   #1  0x00007f644bb3db46 n/a (libQt6Qml.so.6 + 0x13db46)
                                                   #2  0x00007f644bbbfdb3 _ZN3QV46Object11internalPutENS_11PropertyKeyERKNS_5ValueEPS2_ (libQt6Qml.so.6 + 0x1bfdb3)
                                                   #3  0x00007f644bbbfbf8 _ZN3QV46Object11internalPutENS_11PropertyKeyERKNS_5ValueEPS2_ (libQt6Qml.so.6 + 0x1bfbf8)
                                                   #4  0x00007f644bc0080b n/a (libQt6Qml.so.6 + 0x20080b)
                                                   #5  0x00007f644bc00929 _ZN3QV47Runtime12StoreElement4callEPNS_15ExecutionEngineERKNS_5ValueES6_S6_ (libQt6Qml.so.6 + 0x200929)
                                                   #7  0x00007f644bc474f4 n/a (libQt6Qml.so.6 + 0x2474f4)
                                                   #8  0x00007f644bba0524 n/a (libQt6Qml.so.6 + 0x1a0524)
                                                   #9  0x00007f644bc075b2 _ZN3QV47Runtime28CallQmlContextPropertyLookup4callEPNS_15ExecutionEngineEjPNS_5ValueEi (libQt6Qml.so.6 + 0x2075b2)
                                                   #11 0x00007f644bc474f4 n/a (libQt6Qml.so.6 + 0x2474f4)
                                                   #12 0x00007f644bb92400 n/a (libQt6Qml.so.6 + 0x192400)
                                                   #13 0x00007f644bb98609 _ZN3QV48Function4callEP7QObjectPPvPK9QMetaTypeiPNS_16ExecutionContextE (libQt6Qml.so.6 + 0x198609)
                                                   #14 0x00007f644bcef43a _ZN24QQmlJavaScriptExpression8evaluateEPPvPK9QMetaTypei (libQt6Qml.so.6 + 0x2ef43a)
                                                   #15 0x00007f644bc81cc3 _ZN25QQmlBoundSignalExpression8evaluateEPPv (libQt6Qml.so.6 + 0x281cc3)
                                                   #16 0x00007f644bc87040 n/a (libQt6Qml.so.6 + 0x287040)
                                                   #17 0x00007f644bd125d2 _ZN12QQmlNotifier10emitNotifyEP20QQmlNotifierEndpointPPv (libQt6Qml.so.6 + 0x3125d2)
                                                   #19 0x00007f64493358d2 _ZN9QQmlTimer6tickedEv (libQt6QmlMeta.so.6 + 0x1f8d2)
                                                   #20 0x00007f644933598c _ZN9QQmlTimer5eventEP6QEvent (libQt6QmlMeta.so.6 + 0x1f98c)
                                                   #21 0x00007f644cb023a9 _ZN19QApplicationPrivate13notify_helperEP7QObjectP6QEvent (libQt6Widgets.so.6 + 0x1023a9)
                                                   #31 0x000055ae06ef5df4 n/a (/usr/bin/plasmashell + 0x27df4)
                                                   #34 0x000055ae06ef64f5 n/a (/usr/bin/plasmashell + 0x284f5)
Nis 30 16:54:23 MSI-MCC-L systemd[1744]: plasma-plasmashell.service: Main process exited, code=dumped, status=11/SEGV
                                                   #12 0x00007f3df86f4712 _ZN19QApplicationPrivateD0Ev (libQt6Widgets.so.6 + 0xf4712)
Nis 30 16:54:23 MSI-MCC-L systemd[1744]: plasma-plasmashell.service: Failed with result 'core-dump'.
Nis 30 16:54:23 MSI-MCC-L systemd[1744]: plasma-plasmashell.service: Consumed 1min 9.655s CPU time over 3min 23.099s wall clock time, 487M memory peak.
Nis 30 16:54:23 MSI-MCC-L systemd[1744]: plasma-plasmashell.service: Scheduled restart job, restart counter is at 1.
Nis 30 16:54:24 MSI-MCC-L plasmashell[75340]: The theme "lightly-plasma-v4" uses the legacy metadata.desktop. Consider contacting the author and asking them update it to use the newer JSON format.
Nis 30 16:54:24 MSI-MCC-L plasmashell[75340]: The theme "lightly-plasma-v4" uses the legacy metadata.desktop. Consider contacting the author and asking them update it to use the newer JSON format.
Nis 30 16:54:24 MSI-MCC-L plasmashell[75340]: The theme "lightly-plasma-v4" uses the legacy metadata.desktop. Consider contacting the author and asking them update it to use the newer JSON format.
Nis 30 16:54:24 MSI-MCC-L plasmashell[75340]: Could not find required file "mainscript" for package "/usr/share/plasma/plasmoids/org.kde.plasma.icontasks/" should be QList("ui/main.qml")
Nis 30 16:54:24 MSI-MCC-L plasmashell[75340]: Member visible of the object PlasmaQuick::Dialog overrides a member of the base object. Consider renaming it or adding final or override specifier
Nis 30 16:54:24 MSI-MCC-L plasmashell[75340]: The theme "lightly-plasma-v4" uses the legacy metadata.desktop. Consider contacting the author and asking them update it to use the newer JSON format.
Nis 30 16:54:24 MSI-MCC-L plasmashell[75340]: Member enabled of the object DeclarativeDropArea overrides a member of the base object. Consider renaming it or adding final or override specifier
Nis 30 16:54:24 MSI-MCC-L plasmashell[75340]: Member enabled of the object NotificationManager_QMLTYPE_189 overrides a member of the base object. Consider renaming it or adding final or override specifier
Nis 30 16:54:25 MSI-MCC-L plasmashell[75340]: [MPRIS] Player changed. Shuffle: 0 number | LoopStatus: 0 number
Nis 30 16:54:25 MSI-MCC-L plasmashell[75340]: [MPRIS] Player changed. Shuffle: 0 number | LoopStatus: 1 number
Nis 30 16:54:25 MSI-MCC-L plasmashell[75340]: [MPRIS] Player changed. Shuffle: 1 number | LoopStatus: 1 number
Nis 30 16:54:27 MSI-MCC-L plasmashell[75340]: PreviewJob subjob had an error: "/home/mcc45tr/Projelerim/Plasma6Widgets/plasmalog.log dosyası veya klasörü yok. dosyası veya klasörü yok."
Nis 30 16:54:28 MSI-MCC-L plasmashell[75340]: BootDataManager: Component completed. Cache size: 950
Nis 30 16:54:28 MSI-MCC-L plasmashell[75340]: BootDataManager: Loading from cache (limine)
Nis 30 16:54:28 MSI-MCC-L plasmashell[75340]: FileSearch: LogicController initialized
Nis 30 16:54:29 MSI-MCC-L plasmashell[75340]: file:///home/mcc45tr/.local/share/plasma/plasmoids/com.mcc45tr.musicplayer/contents/ui/modes/PanelMode.qml:272:21: QML QQuickText*: Binding loop detected for property "text":
                                              file:///home/mcc45tr/.local/share/plasma/plasmoids/com.mcc45tr.musicplayer/contents/ui/modes/PanelMode.qml:282:25
Nis 30 16:54:29 MSI-MCC-L plasmashell[75340]: [MPRIS] Player changed. Shuffle: 1 number | LoopStatus: 1 number
Nis 30 16:54:30 MSI-MCC-L plasmashell[75340]: BootDataManager: New Data from sh "/home/mcc45tr/.local/share/plasma/plasmoids/com.mcc45tr.mselectivereboot/contents/tools/find_windows_mount.sh"
Nis 30 16:54:30 MSI-MCC-L plasmashell[75340]: BootDataManager: Data keys: exit code, exit status, stderr, stdout
Nis 30 16:54:30 MSI-MCC-L plasmashell[75340]: BootDataManager: Received Windows Version
Nis 30 16:54:30 MSI-MCC-L plasmashell[75340]: LogicController: Failed to parse cache for https://www.sozcu.com.tr/feeds-haberler
Nis 30 16:54:30 MSI-MCC-L plasmashell[75340]: LogicController: Failed to parse cache for https://www.trthaber.com/sondakika.rss
Nis 30 16:54:30 MSI-MCC-L plasmashell[75340]: LogicController: Failed to parse cache for https://www.cnnturk.com/feed/rss/all/news
Nis 30 16:54:30 MSI-MCC-L plasmashell[75340]: LogicController: Failed to parse cache for https://www.aa.com.tr/tr/rss
Nis 30 16:54:30 MSI-MCC-L plasmashell[75340]: LogicController: Failed to parse cache for https://www.hurriyet.com.tr/rss/anasayfa
Nis 30 16:54:31 MSI-MCC-L plasmashell[75340]: qrc:/qt/qml/plasma/applet/org/kde/plasma/brightness/PopupDialog.qml:96: TypeError: Value is null and could not be converted to an object
Nis 30 16:54:34 MSI-MCC-L plasmashell[75340]: Connecting to deprecated signal QDBusConnectionInterface::serviceOwnerChanged(QString,QString,QString)
Nis 30 17:00:23 MSI-MCC-L plasmashell[75340]: Detected location from IP: Salihli
Nis 30 17:00:23 MSI-MCC-L plasmashell[75340]: Fetching weather using provider: openmeteo, days: 12
Nis 30 17:04:55 MSI-MCC-L kscreenlocker_greet[76429]: Member contentWidth of the object PopupList_QMLTYPE_136 overrides a member of the base object. Consider renaming it or adding final or override specifier
